claim_id,patient_id,provider_id,plan_id,proc_code,diag_code,service_date,adjudication_date,billed_amount,allowed_amount,paid_amount,member_copay,claim_status,denial_reason,is_suspected_upcoding
CLM_000001,PAT_0018,PRV_H03,PLN_SILV,99213,J06.9,03-08-26,13-03-26,199.12,132,105.6,26.4,Paid,None,FALSE
CLM_000002,PAT_0193,PRV_H02,PLN_SILV,99215,R07.9,24-01-26,02-05-26,277.89,277.89,222.31,55.58,Paid,None,FALSE
CLM_000003,PAT_0248,PRV_H01,PLN_SILV,80053,M54.5,02-12-26,27-02-26,107.74,99,79.2,19.8,Paid,None,FALSE
CLM_000004,PAT_0106,PRV_H02,PLN_SILV,80053,M54.5,22-05-26,06-10-26,90.27,90.27,72.22,18.05,Paid,None,FALSE
CLM_000005,PAT_0122,PRV_H01,PLN_SILV,99213,K80.20,27-05-26,15-06-26,168.23,132,105.6,26.4,Paid,None,FALSE
CLM_000006,PAT_0185,PRV_H01,PLN_GOLD,80053,I10,17-03-26,04-03-26,108.89,99,0,0,Denied,Missing Prior Authorization,FALSE
CLM_000007,PAT_0327,PRV_H03,PLN_SILV,99215,K80.20,30-01-26,02-10-26,579.25,286,228.8,57.2,Paid,None,TRUE
CLM_000008,PAT_0136,PRV_H01,PLN_GOLD,80053,E11.9,04-05-26,19-04-26,113.47,99,89.1,9.9,Paid,None,FALSE
CLM_000009,PAT_0135,PRV_H04,PLN_GOLD,36415,J06.9,27-02-26,03-09-26,37.2,37.2,33.48,3.72,Paid,None,FALSE
CLM_000010,PAT_0342,PRV_H01,PLN_GOLD,99215,M54.5,30-03-26,18-04-26,331.29,286,257.4,28.6,Paid,None,FALSE
CLM_000011,PAT_0117,PRV_H05,PLN_SILV,99213,K80.20,14-05-26,29-05-26,137.18,132,105.6,26.4,Paid,None,FALSE
CLM_000012,PAT_0244,PRV_H05,PLN_BRNZ,70553,K80.20,18-03-26,22-03-26,874.62,874.62,0,0,Denied,Billing Code Discrepancy,FALSE
CLM_000013,PAT_0265,PRV_H05,PLN_GOLD,71045,I10,25-04-26,05-02-26,205.17,198,178.2,19.8,Paid,None,FALSE
CLM_000014,PAT_0109,PRV_H02,PLN_SILV,71045,I10,19-04-26,23-04-26,206.58,198,158.4,39.6,Paid,None,FALSE
CLM_000015,PAT_0322,PRV_H02,PLN_BRNZ,93000,J06.9,18-01-26,22-01-26,154.14,154.14,100.19,53.95,Paid,None,FALSE
CLM_000016,PAT_0167,PRV_H03,PLN_GOLD,36415,I10,29-06-26,19-07-26,70.63,38.5,34.65,3.85,Paid,None,FALSE
CLM_000017,PAT_0213,PRV_H02,PLN_GOLD,71045,R07.9,31-05-26,20-06-26,198.3,198,178.2,19.8,Paid,None,FALSE
CLM_000018,PAT_0055,PRV_H05,PLN_SILV,99215,J06.9,18-05-26,31-05-26,292.65,286,228.8,57.2,Paid,None,FALSE
CLM_000019,PAT_0336,PRV_H04,PLN_BRNZ,36415,I10,14-02-26,24-02-26,36.07,36.07,23.45,12.62,Paid,None,FALSE
CLM_000020,PAT_0349,PRV_H04,PLN_SILV,99213,K80.20,26-03-26,04-04-26,115.18,115.18,92.14,23.04,Paid,None,FALSE
CLM_000021,PAT_0138,PRV_H03,PLN_GOLD,99213,J06.9,19-03-26,30-03-26,218.91,132,118.8,13.2,Paid,None,FALSE
CLM_000022,PAT_0051,PRV_H02,PLN_BRNZ,71045,J06.9,24-04-26,05-06-26,180.7,180.7,117.46,63.24,Paid,None,FALSE
CLM_000023,PAT_0331,PRV_H01,PLN_BRNZ,70553,K80.20,24-02-26,03-11-26,1166.44,935,607.75,327.25,Paid,None,FALSE
CLM_000024,PAT_0029,PRV_H05,PLN_BRNZ,71045,I10,21-03-26,04-08-26,185.52,185.52,120.59,64.93,Paid,None,FALSE
CLM_000025,PAT_0269,PRV_H05,PLN_GOLD,99213,E11.9,19-02-26,27-02-26,134.09,132,118.8,13.2,Paid,None,FALSE
CLM_000026,PAT_0234,PRV_H01,PLN_GOLD,47562,M54.5,20-02-26,03-02-26,6050.43,5280,4752,528,Paid,None,FALSE
CLM_000027,PAT_0064,PRV_H01,PLN_BRNZ,70553,J06.9,05-06-26,22-05-26,1022.78,935,607.75,327.25,Paid,None,FALSE
CLM_000028,PAT_0180,PRV_H03,PLN_BRNZ,71045,J06.9,26-06-26,30-06-26,329.05,198,128.7,69.3,Paid,None,FALSE
CLM_000029,PAT_0084,PRV_H05,PLN_SILV,70553,E11.9,15-06-26,24-06-26,922.71,922.71,738.17,184.54,Paid,None,FALSE
CLM_000030,PAT_0011,PRV_H01,PLN_BRNZ,36415,E11.9,15-06-26,22-06-26,46.56,38.5,0,0,Denied,Service Not Medically Necessary,FALSE
CLM_000031,PAT_0312,PRV_H03,PLN_SILV,93000,K80.20,04-07-26,20-04-26,295.08,165,132,33,Paid,None,FALSE
CLM_000032,PAT_0155,PRV_H05,PLN_BRNZ,80053,R07.9,27-01-26,29-01-26,94.71,94.71,61.56,33.15,Paid,None,FALSE
CLM_000033,PAT_0192,PRV_H05,PLN_GOLD,93000,J06.9,25-06-26,30-06-26,156.95,156.95,141.25,15.7,Paid,None,FALSE
CLM_000034,PAT_0142,PRV_H03,PLN_SILV,93000,J06.9,17-06-26,28-06-26,262.6,165,132,33,Paid,None,FALSE
CLM_000035,PAT_0124,PRV_H01,PLN_SILV,80053,M54.5,23-03-26,29-03-26,122.97,99,79.2,19.8,Paid,None,FALSE
CLM_000036,PAT_0152,PRV_H03,PLN_BRNZ,80053,K80.20,04-10-26,13-04-26,185.98,99,64.35,34.65,Paid,None,FALSE
CLM_000037,PAT_0098,PRV_H03,PLN_BRNZ,70553,M54.5,17-05-26,06-03-26,1976.44,935,607.75,327.25,Paid,None,FALSE
CLM_000038,PAT_0088,PRV_H05,PLN_GOLD,71045,J06.9,25-01-26,02-11-26,175.61,175.61,158.05,17.56,Paid,None,FALSE
CLM_000039,PAT_0287,PRV_H02,PLN_GOLD,47562,M54.5,23-01-26,02-01-26,4901.07,4901.07,4410.96,490.11,Paid,None,FALSE
CLM_000040,PAT_0170,PRV_H03,PLN_SILV,93000,R07.9,17-03-26,04-02-26,342.15,165,132,33,Paid,None,FALSE
CLM_000041,PAT_0325,PRV_H05,PLN_BRNZ,99215,K80.20,19-02-26,03-09-26,253.23,253.23,164.6,88.63,Paid,None,FALSE
CLM_000042,PAT_0272,PRV_H03,PLN_BRNZ,80053,I10,02-08-26,14-02-26,215.45,99,64.35,34.65,Paid,None,FALSE
CLM_000043,PAT_0292,PRV_H04,PLN_BRNZ,71045,J06.9,16-02-26,20-02-26,188.55,188.55,122.56,65.99,Paid,None,FALSE
CLM_000044,PAT_0091,PRV_H03,PLN_GOLD,99213,I10,26-04-26,05-06-26,212.1,132,118.8,13.2,Paid,None,FALSE
CLM_000045,PAT_0296,PRV_H02,PLN_SILV,36415,I10,02-03-26,18-02-26,37.68,37.68,30.14,7.54,Paid,None,FALSE
CLM_000046,PAT_0245,PRV_H04,PLN_GOLD,99213,I10,17-05-26,25-05-26,131.54,131.54,118.39,13.15,Paid,None,FALSE
CLM_000047,PAT_0165,PRV_H05,PLN_BRNZ,70553,I10,23-06-26,25-06-26,914.04,914.04,0,0,Denied,Service Not Medically Necessary,FALSE
CLM_000048,PAT_0160,PRV_H02,PLN_GOLD,99215,K80.20,05-09-26,29-05-26,262.92,262.92,0,0,Denied,Missing Prior Authorization,FALSE
CLM_000049,PAT_0153,PRV_H03,PLN_BRNZ,36415,M54.5,14-05-26,06-01-26,65.46,38.5,25.03,13.47,Paid,None,FALSE
CLM_000050,PAT_0069,PRV_H03,PLN_SILV,36415,J06.9,18-02-26,25-02-26,82.55,38.5,30.8,7.7,Paid,None,FALSE
CLM_000051,PAT_0207,PRV_H01,PLN_SILV,70553,E11.9,02-03-26,02-11-26,1164.69,935,748,187,Paid,None,FALSE
CLM_000052,PAT_0188,PRV_H01,PLN_SILV,80053,M54.5,03-07-26,26-03-26,120.32,99,79.2,19.8,Paid,None,FALSE
CLM_000053,PAT_0025,PRV_H01,PLN_BRNZ,99213,I10,26-06-26,07-01-26,153,132,85.8,46.2,Paid,None,FALSE
CLM_000054,PAT_0281,PRV_H03,PLN_BRNZ,36415,M54.5,02-09-26,17-02-26,75.47,38.5,25.03,13.47,Paid,None,FALSE
CLM_000055,PAT_0155,PRV_H04,PLN_BRNZ,99215,M54.5,14-05-26,24-05-26,279.39,279.39,181.6,97.79,Paid,None,FALSE
CLM_000056,PAT_0215,PRV_H01,PLN_BRNZ,99215,J06.9,30-01-26,02-04-26,337.82,286,185.9,100.1,Paid,None,FALSE
CLM_000057,PAT_0135,PRV_H05,PLN_GOLD,70553,J06.9,30-06-26,15-07-26,857.71,857.71,0,0,Denied,Missing Prior Authorization,FALSE
CLM_000058,PAT_0247,PRV_H03,PLN_SILV,70553,I10,01-04-26,01-08-26,1976.68,935,748,187,Paid,None,FALSE
CLM_000059,PAT_0077,PRV_H01,PLN_SILV,99215,M54.5,26-01-26,02-05-26,349.26,286,228.8,57.2,Paid,None,FALSE
CLM_000060,PAT_0152,PRV_H03,PLN_BRNZ,36415,I10,26-01-26,02-02-26,80.48,38.5,25.03,13.47,Paid,None,FALSE
CLM_000061,PAT_0185,PRV_H03,PLN_GOLD,80053,M54.5,30-01-26,02-04-26,205.29,99,89.1,9.9,Paid,None,FALSE
CLM_000062,PAT_0005,PRV_H02,PLN_SILV,71045,J06.9,04-02-26,18-04-26,205.38,198,158.4,39.6,Paid,None,FALSE
CLM_000063,PAT_0048,PRV_H03,PLN_GOLD,47562,E11.9,30-01-26,13-02-26,9216.96,5280,4752,528,Paid,None,FALSE
CLM_000064,PAT_0245,PRV_H04,PLN_GOLD,71045,I10,02-03-26,02-06-26,206.34,198,178.2,19.8,Paid,None,FALSE
CLM_000065,PAT_0054,PRV_H04,PLN_BRNZ,36415,R07.9,23-06-26,07-09-26,34.52,34.52,22.44,12.08,Paid,None,FALSE
CLM_000066,PAT_0184,PRV_H05,PLN_SILV,99213,M54.5,02-03-26,20-02-26,136.09,132,105.6,26.4,Paid,None,FALSE
CLM_000067,PAT_0211,PRV_H04,PLN_BRNZ,99213,I10,03-08-26,20-03-26,114.3,114.3,74.3,40,Paid,None,FALSE
CLM_000068,PAT_0269,PRV_H05,PLN_GOLD,70553,M54.5,28-03-26,15-04-26,896.43,896.43,806.79,89.64,Paid,None,FALSE
CLM_000069,PAT_0339,PRV_H02,PLN_BRNZ,36415,J06.9,19-06-26,07-03-26,34.29,34.29,22.29,12,Paid,None,FALSE
CLM_000070,PAT_0314,PRV_H01,PLN_GOLD,99213,M54.5,02-10-26,28-02-26,168.56,132,118.8,13.2,Paid,None,FALSE
CLM_000071,PAT_0085,PRV_H01,PLN_SILV,36415,J06.9,03-03-26,15-03-26,50.44,38.5,0,0,Denied,Missing Prior Authorization,FALSE
CLM_000072,PAT_0282,PRV_H04,PLN_BRNZ,80053,E11.9,21-01-26,02-06-26,93.5,93.5,60.77,32.73,Paid,None,FALSE
CLM_000073,PAT_0046,PRV_H04,PLN_BRNZ,36415,J06.9,31-01-26,17-02-26,38.47,38.47,0,0,Denied,Service Not Medically Necessary,FALSE
CLM_000074,PAT_0212,PRV_H01,PLN_SILV,99213,I10,06-04-26,15-06-26,170.04,132,105.6,26.4,Paid,None,FALSE
CLM_000075,PAT_0336,PRV_H04,PLN_BRNZ,47562,J06.9,14-01-26,23-01-26,5370.54,5280,3432,1848,Paid,None,FALSE
CLM_000076,PAT_0308,PRV_H04,PLN_SILV,47562,M54.5,26-04-26,05-01-26,4653.54,4653.54,0,0,Denied,Service Not Medically Necessary,FALSE
CLM_000077,PAT_0325,PRV_H03,PLN_BRNZ,47562,M54.5,28-01-26,31-01-26,11124.01,5280,3432,1848,Paid,None,FALSE
CLM_000078,PAT_0210,PRV_H01,PLN_GOLD,93000,R07.9,20-02-26,28-02-26,177.93,165,148.5,16.5,Paid,None,FALSE
CLM_000079,PAT_0111,PRV_H04,PLN_GOLD,70553,M54.5,28-03-26,04-02-26,936.22,935,0,0,Denied,Billing Code Discrepancy,FALSE
CLM_000080,PAT_0302,PRV_H01,PLN_SILV,36415,K80.20,18-06-26,07-08-26,50.29,38.5,30.8,7.7,Paid,None,FALSE
CLM_000081,PAT_0256,PRV_H01,PLN_SILV,99213,R07.9,21-04-26,05-11-26,155.39,132,105.6,26.4,Paid,None,FALSE
CLM_000082,PAT_0091,PRV_H05,PLN_GOLD,71045,M54.5,02-02-26,02-07-26,184.95,184.95,166.45,18.5,Paid,None,FALSE
CLM_000083,PAT_0165,PRV_H05,PLN_BRNZ,80053,K80.20,06-05-26,14-06-26,90.42,90.42,58.77,31.65,Paid,None,FALSE
CLM_000084,PAT_0151,PRV_H04,PLN_SILV,71045,E11.9,16-04-26,05-04-26,181.76,181.76,145.41,36.35,Paid,None,FALSE
CLM_000085,PAT_0161,PRV_H05,PLN_BRNZ,70553,E11.9,23-02-26,03-06-26,1016.64,924.22,0,323.48,Flagged SIU,Suspected Duplicate Submission,FALSE
CLM_000086,PAT_0333,PRV_H02,PLN_BRNZ,47562,M54.5,30-01-26,02-12-26,5099.79,5099.79,3314.86,1784.93,Paid,None,FALSE
CLM_000087,PAT_0214,PRV_H05,PLN_GOLD,93000,K80.20,01-04-26,22-01-26,145.69,145.69,131.12,14.57,Paid,None,FALSE
CLM_000088,PAT_0028,PRV_H01,PLN_GOLD,70553,J06.9,02-11-26,22-02-26,1151.76,935,0,0,Denied,Service Not Medically Necessary,FALSE
CLM_000089,PAT_0105,PRV_H05,PLN_SILV,99213,J06.9,26-04-26,05-01-26,128.79,128.79,103.03,25.76,Paid,None,FALSE
CLM_000090,PAT_0288,PRV_H02,PLN_BRNZ,80053,E11.9,05-11-26,22-05-26,97.97,97.97,0,0,Denied,Service Not Medically Necessary,FALSE
CLM_000091,PAT_0199,PRV_H04,PLN_GOLD,47562,R07.9,14-01-26,16-01-26,5273.92,5273.92,0,0,Denied,Service Not Medically Necessary,FALSE
CLM_000092,PAT_0116,PRV_H03,PLN_SILV,70553,M54.5,19-02-26,03-02-26,1665.19,935,0,0,Denied,Missing Prior Authorization,FALSE
CLM_000093,PAT_0264,PRV_H01,PLN_SILV,80053,I10,20-04-26,30-04-26,118.53,99,79.2,19.8,Paid,None,FALSE
CLM_000094,PAT_0300,PRV_H03,PLN_SILV,99213,J06.9,30-04-26,05-06-26,195.83,132,105.6,26.4,Paid,None,FALSE
CLM_000095,PAT_0306,PRV_H01,PLN_SILV,93000,K80.20,27-05-26,15-06-26,188.61,165,132,33,Paid,None,FALSE
CLM_000096,PAT_0163,PRV_H05,PLN_SILV,70553,E11.9,14-05-26,18-05-26,941.16,935,0,0,Denied,Service Not Medically Necessary,FALSE
CLM_000097,PAT_0048,PRV_H03,PLN_GOLD,70553,E11.9,19-06-26,07-01-26,1585.13,935,841.5,93.5,Paid,None,FALSE
CLM_000098,PAT_0317,PRV_H05,PLN_BRNZ,36415,R07.9,16-06-26,18-06-26,34.05,34.05,22.13,11.92,Paid,None,FALSE
CLM_000099,PAT_0124,PRV_H05,PLN_SILV,70553,I10,24-06-26,07-06-26,872.33,872.33,697.86,174.47,Paid,None,FALSE
CLM_000100,PAT_0132,PRV_H05,PLN_BRNZ,93000,I10,13-05-26,26-05-26,157.93,157.93,102.65,55.28,Paid,None,FALSE
CLM_000101,PAT_0250,PRV_H01,PLN_GOLD,93000,M54.5,19-02-26,03-03-26,195.63,165,148.5,16.5,Paid,None,FALSE
CLM_000102,PAT_0086,PRV_H05,PLN_SILV,99213,M54.5,17-01-26,25-01-26,130.09,130.09,104.07,26.02,Paid,None,FALSE
CLM_000103,PAT_0218,PRV_H01,PLN_GOLD,70553,R07.9,29-06-26,14-07-26,1142.37,935,841.5,93.5,Paid,None,FALSE
CLM_000104,PAT_0079,PRV_H01,PLN_SILV,36415,M54.5,26-03-26,29-03-26,41.17,38.5,0,0,Denied,Service Not Medically Necessary,FALSE
CLM_000105,PAT_0286,PRV_H01,PLN_SILV,70553,J06.9,15-04-26,29-04-26,1092.54,935,748,187,Paid,None,FALSE
CLM_000106,PAT_0200,PRV_H01,PLN_BRNZ,99213,M54.5,06-08-26,06-12-26,165.21,132,85.8,46.2,Paid,None,FALSE
CLM_000107,PAT_0038,PRV_H03,PLN_GOLD,99215,J06.9,25-06-26,07-06-26,542.17,286,257.4,28.6,Paid,None,TRUE
CLM_000108,PAT_0196,PRV_H04,PLN_GOLD,99213,K80.20,02-10-26,03-01-26,119.28,119.28,107.35,11.93,Paid,None,FALSE
CLM_000109,PAT_0280,PRV_H03,PLN_BRNZ,71045,J06.9,23-06-26,07-06-26,425.86,198,0,0,Denied,Billing Code Discrepancy,FALSE
CLM_000110,PAT_0073,PRV_H01,PLN_GOLD,99213,I10,27-05-26,06-10-26,157.34,132,118.8,13.2,Paid,None,FALSE
CLM_000111,PAT_0157,PRV_H02,PLN_SILV,47562,E11.9,16-04-26,05-04-26,4696.76,4696.76,0,0,Denied,Service Not Medically Necessary,FALSE
CLM_000112,PAT_0100,PRV_H01,PLN_BRNZ,71045,M54.5,26-05-26,29-05-26,252.97,198,128.7,69.3,Paid,None,FALSE
CLM_000113,PAT_0282,PRV_H04,PLN_BRNZ,99215,J06.9,21-06-26,25-06-26,260.04,260.04,169.03,91.01,Paid,None,FALSE
CLM_000114,PAT_0298,PRV_H04,PLN_BRNZ,47562,J06.9,02-02-26,02-11-26,4656.04,4656.04,3026.43,1629.61,Paid,None,FALSE
CLM_000115,PAT_0163,PRV_H04,PLN_SILV,36415,J06.9,06-07-26,18-06-26,38.1,38.1,30.48,7.62,Paid,None,FALSE
CLM_000116,PAT_0291,PRV_H03,PLN_GOLD,47562,K80.20,13-02-26,15-02-26,8882.74,5280,4752,528,Paid,None,FALSE
CLM_000117,PAT_0329,PRV_H04,PLN_GOLD,93000,J06.9,02-04-26,16-02-26,168.84,165,148.5,16.5,Paid,None,FALSE
CLM_000118,PAT_0184,PRV_H03,PLN_SILV,36415,R07.9,28-01-26,02-04-26,74.08,38.5,30.8,7.7,Paid,None,FALSE
CLM_000119,PAT_0144,PRV_H02,PLN_BRNZ,70553,J06.9,06-10-26,14-06-26,931.16,931.16,605.25,325.91,Paid,None,FALSE
CLM_000120,PAT_0324,PRV_H01,PLN_BRNZ,80053,R07.9,24-02-26,27-02-26,118.39,99,64.35,34.65,Paid,None,FALSE
CLM_000121,PAT_0277,PRV_H04,PLN_SILV,71045,J06.9,04-11-26,20-04-26,203.09,198,158.4,39.6,Paid,None,FALSE
CLM_000122,PAT_0149,PRV_H02,PLN_BRNZ,36415,R07.9,05-11-26,15-05-26,36.03,36.03,23.42,12.61,Paid,None,FALSE
CLM_000123,PAT_0340,PRV_H02,PLN_GOLD,71045,R07.9,02-05-26,21-02-26,176.73,176.73,159.06,17.67,Paid,None,FALSE
CLM_000124,PAT_0290,PRV_H02,PLN_SILV,36415,J06.9,01-11-26,20-01-26,38.58,38.5,30.8,7.7,Paid,None,FALSE
CLM_000125,PAT_0136,PRV_H03,PLN_GOLD,70553,I10,21-06-26,29-06-26,1712.16,935,841.5,93.5,Paid,None,FALSE
CLM_000126,PAT_0233,PRV_H01,PLN_GOLD,99213,M54.5,24-03-26,29-03-26,163.33,132,118.8,13.2,Paid,None,FALSE
CLM_000127,PAT_0141,PRV_H03,PLN_BRNZ,71045,K80.20,17-06-26,07-01-26,340.6,198,128.7,69.3,Paid,None,FALSE
CLM_000128,PAT_0040,PRV_H05,PLN_GOLD,93000,K80.20,27-02-26,17-03-26,154.68,154.68,139.21,15.47,Paid,None,FALSE
CLM_000129,PAT_0177,PRV_H04,PLN_BRNZ,36415,R07.9,01-02-26,20-01-26,39.42,38.5,25.03,13.47,Paid,None,FALSE
CLM_000130,PAT_0118,PRV_H01,PLN_SILV,93000,E11.9,02-08-26,15-02-26,179.58,165,132,33,Paid,None,FALSE
CLM_000131,PAT_0061,PRV_H02,PLN_BRNZ,80053,J06.9,30-01-26,16-02-26,97.65,97.65,63.47,34.18,Paid,None,FALSE
CLM_000132,PAT_0303,PRV_H02,PLN_GOLD,80053,I10,03-04-26,03-07-26,87.8,87.8,79.02,8.78,Paid,None,FALSE
CLM_000133,PAT_0069,PRV_H05,PLN_SILV,99213,R07.9,02-07-26,02-10-26,117.99,117.99,94.39,23.6,Paid,None,FALSE
CLM_000134,PAT_0265,PRV_H04,PLN_GOLD,99213,M54.5,19-06-26,30-06-26,136.73,132,118.8,13.2,Paid,None,FALSE
CLM_000135,PAT_0311,PRV_H04,PLN_BRNZ,36415,E11.9,26-02-26,13-03-26,37.46,37.46,24.35,13.11,Paid,None,FALSE
CLM_000136,PAT_0094,PRV_H05,PLN_GOLD,93000,E11.9,25-06-26,07-07-26,170.17,165,148.5,16.5,Paid,None,FALSE
CLM_000137,PAT_0036,PRV_H02,PLN_BRNZ,80053,K80.20,02-03-26,02-08-26,85.8,85.8,55.77,30.03,Paid,None,FALSE
CLM_000138,PAT_0259,PRV_H04,PLN_SILV,71045,R07.9,25-01-26,02-01-26,188.13,188.13,150.5,37.63,Paid,None,FALSE
CLM_000139,PAT_0020,PRV_H05,PLN_GOLD,99215,I10,05-04-26,05-10-26,293.9,286,257.4,28.6,Paid,None,FALSE
CLM_000140,PAT_0001,PRV_H04,PLN_GOLD,80053,J06.9,01-12-26,30-01-26,93.22,93.22,83.9,9.32,Paid,None,FALSE
CLM_000141,PAT_0247,PRV_H04,PLN_SILV,47562,R07.9,28-06-26,18-07-26,4653.81,4653.81,0,0,Denied,Missing Prior Authorization,FALSE
CLM_000142,PAT_0043,PRV_H03,PLN_BRNZ,80053,J06.9,18-02-26,20-02-26,195.06,99,64.35,34.65,Paid,None,FALSE
CLM_000143,PAT_0296,PRV_H05,PLN_SILV,99215,R07.9,01-02-26,16-01-26,281.04,281.04,224.83,56.21,Paid,None,FALSE
CLM_000144,PAT_0162,PRV_H04,PLN_GOLD,47562,I10,02-09-26,24-02-26,5185.51,5185.51,4666.96,518.55,Paid,None,FALSE
CLM_000145,PAT_0217,PRV_H05,PLN_SILV,47562,R07.9,03-12-26,26-03-26,5284.77,5280,4224,1056,Paid,None,FALSE
CLM_000146,PAT_0248,PRV_H02,PLN_SILV,47562,R07.9,23-05-26,06-09-26,4803.63,4803.63,3842.9,960.73,Paid,None,FALSE
CLM_000147,PAT_0204,PRV_H02,PLN_SILV,99215,M54.5,28-02-26,16-03-26,287.72,286,228.8,57.2,Paid,None,FALSE
CLM_000148,PAT_0052,PRV_H02,PLN_SILV,80053,J06.9,21-05-26,24-05-26,88.39,88.39,70.71,17.68,Paid,None,FALSE
CLM_000149,PAT_0003,PRV_H01,PLN_GOLD,71045,K80.20,06-03-26,18-06-26,211.76,198,178.2,19.8,Paid,None,FALSE
CLM_000150,PAT_0190,PRV_H01,PLN_SILV,99213,M54.5,04-09-26,23-04-26,160.1,132,105.6,26.4,Paid,None,FALSE
CLM_000151,PAT_0306,PRV_H01,PLN_SILV,71045,M54.5,05-07-26,23-05-26,207.58,198,158.4,39.6,Paid,None,FALSE
CLM_000152,PAT_0266,PRV_H03,PLN_GOLD,70553,I10,06-03-26,21-06-26,1710.75,935,0,0,Denied,Missing Prior Authorization,FALSE
CLM_000153,PAT_0185,PRV_H02,PLN_GOLD,99213,E11.9,23-01-26,02-02-26,132.71,132,118.8,13.2,Paid,None,FALSE
CLM_000154,PAT_0203,PRV_H04,PLN_SILV,70553,R07.9,01-04-26,01-08-26,963.76,935,748,187,Paid,None,FALSE
CLM_000155,PAT_0287,PRV_H05,PLN_GOLD,47562,J06.9,03-12-26,21-03-26,5142.11,5142.11,4627.9,514.21,Paid,None,FALSE
CLM_000156,PAT_0295,PRV_H01,PLN_BRNZ,93000,E11.9,15-04-26,05-03-26,177.29,165,0,0,Denied,Service Not Medically Necessary,FALSE
CLM_000157,PAT_0175,PRV_H01,PLN_GOLD,93000,R07.9,28-05-26,06-07-26,203.74,165,148.5,16.5,Paid,None,FALSE
CLM_000158,PAT_0289,PRV_H04,PLN_GOLD,70553,J06.9,28-04-26,14-05-26,959.91,935,841.5,93.5,Paid,None,FALSE
CLM_000159,PAT_0133,PRV_H01,PLN_BRNZ,80053,M54.5,26-02-26,03-07-26,125.1,99,64.35,34.65,Paid,None,FALSE
CLM_000160,PAT_0181,PRV_H05,PLN_SILV,99213,M54.5,03-09-26,18-03-26,120.89,120.89,96.71,24.18,Paid,None,FALSE
CLM_000161,PAT_0176,PRV_H01,PLN_BRNZ,71045,K80.20,22-03-26,04-04-26,218.8,198,128.7,69.3,Paid,None,FALSE
CLM_000162,PAT_0094,PRV_H02,PLN_GOLD,36415,M54.5,21-02-26,03-02-26,38.4,38.4,34.56,3.84,Paid,None,FALSE
CLM_000163,PAT_0106,PRV_H02,PLN_SILV,70553,E11.9,06-08-26,21-06-26,834.02,834.02,667.22,166.8,Paid,None,FALSE
CLM_000164,PAT_0347,PRV_H04,PLN_GOLD,99213,R07.9,01-11-26,28-01-26,122.91,122.91,110.62,12.29,Paid,None,FALSE
CLM_000165,PAT_0295,PRV_H03,PLN_BRNZ,36415,E11.9,05-11-26,21-05-26,67.14,38.5,25.03,13.47,Paid,None,FALSE
CLM_000166,PAT_0066,PRV_H01,PLN_SILV,80053,K80.20,19-05-26,22-05-26,117.07,99,79.2,19.8,Paid,None,FALSE
CLM_000167,PAT_0090,PRV_H04,PLN_SILV,99215,M54.5,13-05-26,29-05-26,263.41,263.41,0,0,Denied,Billing Code Discrepancy,FALSE
CLM_000168,PAT_0108,PRV_H04,PLN_SILV,99215,J06.9,04-03-26,13-04-26,256.73,256.73,205.38,51.35,Paid,None,FALSE
CLM_000169,PAT_0138,PRV_H04,PLN_GOLD,47562,J06.9,17-02-26,03-06-26,4966.99,4966.99,4470.29,496.7,Paid,None,FALSE
CLM_000170,PAT_0187,PRV_H04,PLN_BRNZ,93000,K80.20,16-02-26,03-08-26,161.07,146.43,0,51.25,Flagged SIU,Suspected Duplicate Submission,FALSE
CLM_000171,PAT_0118,PRV_H01,PLN_SILV,93000,E11.9,23-05-26,06-07-26,211.03,165,132,33,Paid,None,FALSE
CLM_000172,PAT_0077,PRV_H04,PLN_SILV,99213,E11.9,18-04-26,05-05-26,117.23,117.23,93.78,23.45,Paid,None,FALSE
CLM_000173,PAT_0323,PRV_H05,PLN_SILV,47562,K80.20,18-03-26,28-03-26,5099.65,5099.65,4079.72,1019.93,Paid,None,FALSE
CLM_000174,PAT_0084,PRV_H01,PLN_SILV,70553,J06.9,05-02-26,05-07-26,1092.21,935,748,187,Paid,None,FALSE
CLM_000175,PAT_0287,PRV_H05,PLN_GOLD,93000,J06.9,01-06-26,21-01-26,146.14,146.14,131.53,14.61,Paid,None,FALSE
CLM_000176,PAT_0311,PRV_H02,PLN_BRNZ,71045,J06.9,04-01-26,13-04-26,195.23,195.23,126.9,68.33,Paid,None,FALSE
CLM_000177,PAT_0229,PRV_H01,PLN_BRNZ,80053,R07.9,15-03-26,31-03-26,120.56,99,64.35,34.65,Paid,None,FALSE
CLM_000178,PAT_0086,PRV_H03,PLN_SILV,80053,M54.5,06-06-26,26-06-26,173.14,99,79.2,19.8,Paid,None,FALSE
CLM_000179,PAT_0041,PRV_H02,PLN_SILV,47562,E11.9,22-03-26,04-03-26,5186.89,5186.89,4149.51,1037.38,Paid,None,FALSE
CLM_000180,PAT_0203,PRV_H03,PLN_SILV,36415,J06.9,31-05-26,18-06-26,83.03,38.5,30.8,7.7,Paid,None,FALSE
CLM_000181,PAT_0095,PRV_H01,PLN_GOLD,71045,M54.5,03-02-26,03-12-26,257.78,198,178.2,19.8,Paid,None,FALSE
CLM_000182,PAT_0041,PRV_H02,PLN_SILV,71045,K80.20,27-01-26,02-01-26,173.3,173.3,138.64,34.66,Paid,None,FALSE
CLM_000183,PAT_0281,PRV_H01,PLN_BRNZ,99213,K80.20,15-05-26,19-05-26,141.74,132,85.8,46.2,Paid,None,FALSE
CLM_000184,PAT_0044,PRV_H04,PLN_GOLD,93000,E11.9,03-05-26,16-03-26,155.79,155.79,140.21,15.58,Paid,None,FALSE
CLM_000185,PAT_0270,PRV_H02,PLN_BRNZ,99213,I10,19-06-26,07-02-26,134.65,132,85.8,46.2,Paid,None,FALSE
CLM_000186,PAT_0244,PRV_H04,PLN_BRNZ,93000,R07.9,24-04-26,30-04-26,171.59,165,107.25,57.75,Paid,None,FALSE
CLM_000187,PAT_0091,PRV_H05,PLN_GOLD,36415,M54.5,06-12-26,07-02-26,36.29,36.29,32.66,3.63,Paid,None,FALSE
CLM_000188,PAT_0274,PRV_H03,PLN_BRNZ,47562,K80.20,19-05-26,28-05-26,10770.08,5280,3432,1848,Paid,None,FALSE
CLM_000189,PAT_0134,PRV_H02,PLN_SILV,93000,I10,01-01-26,19-01-26,166.96,165,132,33,Paid,None,FALSE
CLM_000190,PAT_0177,PRV_H03,PLN_BRNZ,36415,R07.9,01-03-26,20-01-26,82.51,38.5,25.03,13.47,Paid,None,FALSE
CLM_000191,PAT_0005,PRV_H04,PLN_SILV,93000,R07.9,03-01-26,03-03-26,158.95,158.95,127.16,31.79,Paid,None,FALSE
CLM_000192,PAT_0288,PRV_H04,PLN_BRNZ,80053,E11.9,02-11-26,25-02-26,100.41,99,64.35,34.65,Paid,None,FALSE
CLM_000193,PAT_0041,PRV_H04,PLN_SILV,70553,R07.9,06-06-26,16-06-26,855.9,855.9,684.72,171.18,Paid,None,FALSE
CLM_000194,PAT_0212,PRV_H02,PLN_SILV,99215,E11.9,02-04-26,15-02-26,252.74,252.74,202.19,50.55,Paid,None,FALSE
CLM_000195,PAT_0232,PRV_H03,PLN_GOLD,36415,E11.9,24-03-26,26-03-26,60.26,38.5,34.65,3.85,Paid,None,FALSE
CLM_000196,PAT_0012,PRV_H02,PLN_BRNZ,99215,J06.9,03-10-26,16-03-26,284.19,284.19,184.72,99.47,Paid,None,FALSE
CLM_000197,PAT_0120,PRV_H01,PLN_GOLD,71045,I10,05-07-26,15-05-26,225.46,198,178.2,19.8,Paid,None,FALSE
CLM_000198,PAT_0256,PRV_H03,PLN_SILV,36415,M54.5,01-09-26,21-01-26,58.25,38.5,30.8,7.7,Paid,None,FALSE
CLM_000199,PAT_0075,PRV_H01,PLN_SILV,93000,K80.20,19-01-26,02-07-26,193.66,165,132,33,Paid,None,FALSE
CLM_000200,PAT_0129,PRV_H04,PLN_SILV,99213,I10,03-05-26,19-03-26,132.51,132,105.6,26.4,Paid,None,FALSE
CLM_000201,PAT_0018,PRV_H02,PLN_SILV,36415,M54.5,25-01-26,02-12-26,37.91,37.91,30.33,7.58,Paid,None,FALSE
CLM_000202,PAT_0200,PRV_H03,PLN_BRNZ,47562,E11.9,06-11-26,14-06-26,10539.74,5280,3432,1848,Paid,None,FALSE
CLM_000203,PAT_0247,PRV_H03,PLN_SILV,70553,J06.9,14-01-26,22-01-26,2021.83,935,0,0,Denied,Missing Prior Authorization,FALSE
CLM_000204,PAT_0086,PRV_H03,PLN_SILV,99215,K80.20,03-04-26,03-06-26,617.52,286,228.8,57.2,Paid,None,TRUE
CLM_000205,PAT_0306,PRV_H02,PLN_SILV,47562,I10,03-05-26,03-12-26,5039.92,5039.92,4031.94,1007.98,Paid,None,FALSE
CLM_000206,PAT_0321,PRV_H01,PLN_BRNZ,99213,J06.9,15-06-26,21-06-26,163.25,132,85.8,46.2,Paid,None,FALSE
CLM_000207,PAT_0065,PRV_H04,PLN_SILV,70553,J06.9,23-05-26,06-05-26,944.44,935,748,187,Paid,None,FALSE
CLM_000208,PAT_0194,PRV_H03,PLN_SILV,71045,J06.9,01-11-26,28-01-26,389.75,198,158.4,39.6,Paid,None,FALSE
CLM_000209,PAT_0278,PRV_H04,PLN_BRNZ,70553,R07.9,17-02-26,03-08-26,866.6,866.6,563.29,303.31,Paid,None,FALSE
CLM_000210,PAT_0307,PRV_H05,PLN_BRNZ,71045,I10,16-05-26,22-05-26,187.18,187.18,121.67,65.51,Paid,None,FALSE
CLM_000211,PAT_0278,PRV_H03,PLN_BRNZ,36415,I10,13-06-26,07-01-26,66.61,38.5,25.03,13.47,Paid,None,FALSE
CLM_000212,PAT_0010,PRV_H05,PLN_SILV,47562,R07.9,03-03-26,15-03-26,5252.16,5252.16,4201.73,1050.43,Paid,None,FALSE
CLM_000213,PAT_0199,PRV_H02,PLN_GOLD,36415,R07.9,02-09-26,20-02-26,35.51,35.51,31.96,3.55,Paid,None,FALSE
CLM_000214,PAT_0057,PRV_H01,PLN_BRNZ,99215,I10,02-03-26,02-10-26,367.13,286,185.9,100.1,Paid,None,FALSE
CLM_000215,PAT_0249,PRV_H02,PLN_SILV,99215,I10,27-05-26,06-10-26,281.21,281.21,224.97,56.24,Paid,None,FALSE
CLM_000216,PAT_0303,PRV_H03,PLN_GOLD,99213,J06.9,26-02-26,03-02-26,193.26,132,118.8,13.2,Paid,None,FALSE
CLM_000217,PAT_0336,PRV_H04,PLN_BRNZ,99215,K80.20,13-06-26,16-06-26,265.77,265.77,172.75,93.02,Paid,None,FALSE
CLM_000218,PAT_0213,PRV_H03,PLN_GOLD,99213,R07.9,03-10-26,28-03-26,195.9,132,0,0,Denied,Service Not Medically Necessary,FALSE
CLM_000219,PAT_0040,PRV_H02,PLN_GOLD,99215,I10,03-01-26,20-03-26,267.04,267.04,240.34,26.7,Paid,None,FALSE
CLM_000220,PAT_0337,PRV_H02,PLN_GOLD,71045,R07.9,23-05-26,06-07-26,197.86,197.86,178.07,19.79,Paid,None,FALSE
CLM_000221,PAT_0296,PRV_H03,PLN_SILV,36415,M54.5,20-06-26,07-05-26,80.72,38.5,30.8,7.7,Paid,None,FALSE
CLM_000222,PAT_0093,PRV_H05,PLN_GOLD,80053,R07.9,28-03-26,04-04-26,95.11,95.11,85.6,9.51,Paid,None,FALSE
CLM_000223,PAT_0181,PRV_H03,PLN_SILV,47562,J06.9,16-04-26,05-01-26,10852.44,5280,4224,1056,Paid,None,FALSE
CLM_000224,PAT_0280,PRV_H02,PLN_BRNZ,80053,R07.9,03-07-26,20-03-26,102.81,99,64.35,34.65,Paid,None,FALSE
CLM_000225,PAT_0204,PRV_H01,PLN_SILV,99213,J06.9,06-02-26,06-04-26,156.63,132,105.6,26.4,Paid,None,FALSE
CLM_000226,PAT_0155,PRV_H01,PLN_BRNZ,93000,E11.9,24-02-26,03-08-26,173.48,165,107.25,57.75,Paid,None,FALSE
CLM_000227,PAT_0142,PRV_H05,PLN_SILV,71045,I10,01-10-26,26-01-26,183.8,183.8,147.04,36.76,Paid,None,FALSE
CLM_000228,PAT_0188,PRV_H05,PLN_SILV,70553,E11.9,03-07-26,18-03-26,823.12,823.12,658.5,164.62,Paid,None,FALSE
CLM_000229,PAT_0040,PRV_H03,PLN_GOLD,36415,E11.9,05-05-26,25-05-26,78.95,38.5,34.65,3.85,Paid,None,FALSE
CLM_000230,PAT_0329,PRV_H03,PLN_GOLD,99213,M54.5,28-05-26,06-11-26,199.53,132,0,0,Denied,Service Not Medically Necessary,FALSE
CLM_000231,PAT_0179,PRV_H04,PLN_GOLD,80053,I10,28-02-26,03-02-26,96.91,96.91,87.22,9.69,Paid,None,FALSE
CLM_000232,PAT_0028,PRV_H03,PLN_GOLD,99213,J06.9,19-05-26,06-08-26,206.36,132,118.8,13.2,Paid,None,FALSE
CLM_000233,PAT_0114,PRV_H02,PLN_BRNZ,99213,M54.5,04-11-26,27-04-26,132.07,132,85.8,46.2,Paid,None,FALSE
CLM_000234,PAT_0047,PRV_H02,PLN_GOLD,80053,J06.9,04-11-26,17-04-26,87.88,87.88,79.09,8.79,Paid,None,FALSE
CLM_000235,PAT_0293,PRV_H01,PLN_GOLD,80053,J06.9,22-01-26,02-05-26,117.05,99,89.1,9.9,Paid,None,FALSE
CLM_000236,PAT_0067,PRV_H02,PLN_SILV,36415,R07.9,20-02-26,03-09-26,36.02,36.02,28.82,7.2,Paid,None,FALSE
CLM_000237,PAT_0288,PRV_H05,PLN_BRNZ,70553,E11.9,19-01-26,29-01-26,939.55,935,607.75,327.25,Paid,None,FALSE
CLM_000238,PAT_0046,PRV_H01,PLN_BRNZ,80053,K80.20,04-04-26,17-04-26,108.64,99,64.35,34.65,Paid,None,FALSE
CLM_000239,PAT_0336,PRV_H01,PLN_BRNZ,93000,E11.9,31-03-26,16-04-26,200.54,165,107.25,57.75,Paid,None,FALSE
CLM_000240,PAT_0120,PRV_H02,PLN_GOLD,47562,E11.9,22-01-26,27-01-26,5270,5270,0,0,Denied,Missing Prior Authorization,FALSE
CLM_000241,PAT_0148,PRV_H01,PLN_SILV,47562,M54.5,29-01-26,02-09-26,6168.09,5280,0,0,Denied,Billing Code Discrepancy,FALSE
CLM_000242,PAT_0109,PRV_H02,PLN_SILV,93000,R07.9,05-04-26,05-10-26,163.35,163.35,130.68,32.67,Paid,None,FALSE
CLM_000243,PAT_0193,PRV_H05,PLN_SILV,99213,J06.9,13-02-26,16-02-26,120.82,120.82,96.66,24.16,Paid,None,FALSE
CLM_000244,PAT_0317,PRV_H03,PLN_BRNZ,99213,K80.20,17-06-26,19-06-26,198.39,132,85.8,46.2,Paid,None,FALSE
CLM_000245,PAT_0340,PRV_H03,PLN_GOLD,99215,I10,16-03-26,30-03-26,464.08,286,257.4,28.6,Paid,None,TRUE
CLM_000246,PAT_0051,PRV_H03,PLN_BRNZ,36415,R07.9,17-05-26,21-05-26,61.22,38.5,25.03,13.47,Paid,None,FALSE
CLM_000247,PAT_0235,PRV_H05,PLN_SILV,99213,I10,03-05-26,23-03-26,121.32,121.32,97.06,24.26,Paid,None,FALSE
CLM_000248,PAT_0081,PRV_H01,PLN_GOLD,47562,M54.5,04-01-26,14-04-26,6420.33,5280,4752,528,Paid,None,FALSE
CLM_000249,PAT_0257,PRV_H03,PLN_GOLD,99213,M54.5,03-07-26,21-03-26,277.48,132,118.8,13.2,Paid,None,FALSE
CLM_000250,PAT_0016,PRV_H05,PLN_BRNZ,93000,E11.9,02-08-26,20-02-26,169.42,165,107.25,57.75,Paid,None,FALSE
CLM_000251,PAT_0045,PRV_H04,PLN_GOLD,70553,K80.20,03-03-26,23-03-26,833.47,833.47,750.12,83.35,Paid,None,FALSE
CLM_000252,PAT_0169,PRV_H04,PLN_BRNZ,71045,E11.9,17-06-26,23-06-26,191.92,191.92,124.75,67.17,Paid,None,FALSE
CLM_000253,PAT_0104,PRV_H02,PLN_SILV,93000,M54.5,30-06-26,18-07-26,169.79,165,132,33,Paid,None,FALSE
CLM_000254,PAT_0075,PRV_H05,PLN_SILV,71045,J06.9,18-01-26,02-06-26,190.19,190.19,152.15,38.04,Paid,None,FALSE
CLM_000255,PAT_0095,PRV_H03,PLN_GOLD,71045,M54.5,01-08-26,20-01-26,456.21,198,0,19.8,Flagged SIU,Suspected Duplicate Submission,FALSE
CLM_000256,PAT_0211,PRV_H03,PLN_BRNZ,36415,M54.5,13-06-26,23-06-26,60.25,38.5,25.03,13.47,Paid,None,FALSE
CLM_000257,PAT_0068,PRV_H02,PLN_SILV,99213,R07.9,06-07-26,17-06-26,128.53,128.53,102.82,25.71,Paid,None,FALSE
CLM_000258,PAT_0306,PRV_H02,PLN_SILV,70553,M54.5,01-07-26,20-01-26,821.01,821.01,656.81,164.2,Paid,None,FALSE
CLM_000259,PAT_0310,PRV_H04,PLN_GOLD,47562,E11.9,04-10-26,27-04-26,5014.89,5014.89,0,0,Denied,Service Not Medically Necessary,FALSE
CLM_000260,PAT_0008,PRV_H03,PLN_SILV,80053,E11.9,21-06-26,29-06-26,198.56,99,0,0,Denied,Service Not Medically Necessary,FALSE
CLM_000261,PAT_0316,PRV_H04,PLN_SILV,47562,K80.20,03-05-26,20-03-26,4948.67,4948.67,0,0,Denied,Service Not Medically Necessary,FALSE
CLM_000262,PAT_0161,PRV_H04,PLN_BRNZ,99213,R07.9,28-01-26,13-02-26,124.97,124.97,81.23,43.74,Paid,None,FALSE
CLM_000263,PAT_0126,PRV_H05,PLN_BRNZ,80053,M54.5,01-11-26,30-01-26,92.47,92.47,60.11,32.36,Paid,None,FALSE
CLM_000264,PAT_0026,PRV_H02,PLN_SILV,93000,K80.20,04-12-26,23-04-26,165.71,165,132,33,Paid,None,FALSE
CLM_000265,PAT_0086,PRV_H04,PLN_SILV,93000,R07.9,14-01-26,02-01-26,169.61,165,132,33,Paid,None,FALSE
CLM_000266,PAT_0331,PRV_H04,PLN_BRNZ,99215,M54.5,05-09-26,14-05-26,256.35,256.35,166.63,89.72,Paid,None,FALSE
CLM_000267,PAT_0280,PRV_H02,PLN_BRNZ,80053,K80.20,24-03-26,04-09-26,85.95,85.95,55.87,30.08,Paid,None,FALSE
CLM_000268,PAT_0104,PRV_H04,PLN_SILV,99215,J06.9,24-03-26,31-03-26,284.36,284.36,227.49,56.87,Paid,None,FALSE
CLM_000269,PAT_0059,PRV_H04,PLN_SILV,47562,I10,15-05-26,29-05-26,5257.8,5257.8,4206.24,1051.56,Paid,None,FALSE
CLM_000270,PAT_0082,PRV_H04,PLN_SILV,80053,I10,13-02-26,25-02-26,95.68,95.68,76.54,19.14,Paid,None,FALSE
CLM_000271,PAT_0077,PRV_H02,PLN_SILV,71045,E11.9,14-01-26,29-01-26,182.09,182.09,145.67,36.42,Paid,None,FALSE
CLM_000272,PAT_0229,PRV_H03,PLN_BRNZ,71045,I10,02-03-26,02-11-26,288.51,198,128.7,69.3,Paid,None,FALSE
CLM_000273,PAT_0007,PRV_H04,PLN_SILV,36415,K80.20,20-05-26,22-05-26,37.51,37.51,30.01,7.5,Paid,None,FALSE
CLM_000274,PAT_0112,PRV_H05,PLN_GOLD,36415,K80.20,15-04-26,05-01-26,33.81,33.81,30.43,3.38,Paid,None,FALSE
CLM_000275,PAT_0126,PRV_H05,PLN_BRNZ,93000,R07.9,06-10-26,29-06-26,167.1,165,107.25,57.75,Paid,None,FALSE
CLM_000276,PAT_0095,PRV_H02,PLN_GOLD,99213,M54.5,31-03-26,04-03-26,117.49,117.49,0,0,Denied,Billing Code Discrepancy,FALSE
CLM_000277,PAT_0309,PRV_H03,PLN_GOLD,47562,I10,13-01-26,18-01-26,9281.11,5280,0,0,Denied,Billing Code Discrepancy,FALSE
CLM_000278,PAT_0339,PRV_H05,PLN_BRNZ,71045,K80.20,29-05-26,06-11-26,204.53,198,128.7,69.3,Paid,None,FALSE
CLM_000279,PAT_0154,PRV_H03,PLN_BRNZ,47562,K80.20,18-01-26,02-02-26,10918.31,5280,0,0,Denied,Missing Prior Authorization,FALSE
CLM_000280,PAT_0141,PRV_H03,PLN_BRNZ,80053,R07.9,23-02-26,03-03-26,188.07,99,64.35,34.65,Paid,None,FALSE
CLM_000281,PAT_0323,PRV_H05,PLN_SILV,99215,K80.20,26-06-26,07-07-26,269.21,269.21,215.37,53.84,Paid,None,FALSE
CLM_000282,PAT_0133,PRV_H05,PLN_BRNZ,47562,E11.9,06-07-26,27-06-26,5036.54,5036.54,3273.75,1762.79,Paid,None,FALSE
CLM_000283,PAT_0093,PRV_H05,PLN_GOLD,70553,M54.5,16-03-26,24-03-26,807.77,807.77,0,0,Denied,Missing Prior Authorization,FALSE
CLM_000284,PAT_0107,PRV_H05,PLN_BRNZ,80053,K80.20,01-12-26,24-01-26,91.79,91.79,59.66,32.13,Paid,None,FALSE
CLM_000285,PAT_0109,PRV_H01,PLN_SILV,70553,M54.5,14-03-26,24-03-26,1179,935,748,187,Paid,None,FALSE
CLM_000286,PAT_0166,PRV_H01,PLN_GOLD,99215,M54.5,27-03-26,04-08-26,329.89,286,257.4,28.6,Paid,None,FALSE
CLM_000287,PAT_0015,PRV_H02,PLN_GOLD,70553,J06.9,28-03-26,14-04-26,963.25,935,841.5,93.5,Paid,None,FALSE
CLM_000288,PAT_0247,PRV_H02,PLN_SILV,36415,R07.9,27-03-26,04-12-26,38.74,38.5,30.8,7.7,Paid,None,FALSE
CLM_000289,PAT_0029,PRV_H05,PLN_BRNZ,93000,R07.9,23-06-26,07-05-26,159.16,159.16,0,0,Denied,Billing Code Discrepancy,FALSE
CLM_000290,PAT_0170,PRV_H03,PLN_SILV,99215,E11.9,13-03-26,15-03-26,486.54,286,228.8,57.2,Paid,None,TRUE
CLM_000291,PAT_0085,PRV_H05,PLN_SILV,80053,E11.9,06-02-26,06-07-26,101.06,99,79.2,19.8,Paid,None,FALSE
CLM_000292,PAT_0162,PRV_H01,PLN_GOLD,93000,K80.20,23-01-26,02-09-26,211.97,165,148.5,16.5,Paid,None,FALSE
CLM_000293,PAT_0155,PRV_H02,PLN_BRNZ,93000,E11.9,29-01-26,02-11-26,166.05,165,107.25,57.75,Paid,None,FALSE
CLM_000294,PAT_0048,PRV_H04,PLN_GOLD,99213,K80.20,05-09-26,15-05-26,118.57,118.57,106.71,11.86,Paid,None,FALSE
CLM_000295,PAT_0269,PRV_H03,PLN_GOLD,47562,E11.9,26-01-26,13-02-26,10278.59,5280,0,0,Denied,Service Not Medically Necessary,FALSE
CLM_000296,PAT_0199,PRV_H05,PLN_GOLD,99215,I10,21-03-26,24-03-26,282.73,282.73,254.46,28.27,Paid,None,FALSE
CLM_000297,PAT_0045,PRV_H03,PLN_GOLD,36415,I10,27-01-26,14-02-26,77.45,38.5,34.65,3.85,Paid,None,FALSE
CLM_000298,PAT_0012,PRV_H05,PLN_BRNZ,93000,M54.5,23-02-26,03-07-26,148.52,148.52,96.54,51.98,Paid,None,FALSE
CLM_000299,PAT_0273,PRV_H03,PLN_SILV,36415,M54.5,31-01-26,02-10-26,60.18,38.5,30.8,7.7,Paid,None,FALSE
CLM_000300,PAT_0008,PRV_H05,PLN_SILV,99215,E11.9,19-05-26,06-01-26,275.57,275.57,220.46,55.11,Paid,None,FALSE
CLM_000301,PAT_0146,PRV_H05,PLN_SILV,70553,E11.9,19-01-26,30-01-26,911.75,911.75,729.4,182.35,Paid,None,FALSE
CLM_000302,PAT_0067,PRV_H01,PLN_SILV,36415,M54.5,13-01-26,18-01-26,44.28,38.5,30.8,7.7,Paid,None,FALSE
CLM_000303,PAT_0201,PRV_H02,PLN_SILV,36415,R07.9,04-02-26,13-04-26,35.58,35.58,28.46,7.12,Paid,None,FALSE
CLM_000304,PAT_0344,PRV_H05,PLN_SILV,99215,K80.20,26-05-26,06-01-26,251.83,251.83,201.46,50.37,Paid,None,FALSE
CLM_000305,PAT_0240,PRV_H01,PLN_SILV,36415,J06.9,25-06-26,07-11-26,45.19,38.5,30.8,7.7,Paid,None,FALSE
CLM_000306,PAT_0074,PRV_H05,PLN_SILV,93000,J06.9,04-11-26,18-04-26,163.49,163.49,130.79,32.7,Paid,None,FALSE
CLM_000307,PAT_0167,PRV_H04,PLN_GOLD,36415,I10,17-01-26,02-03-26,34.04,34.04,30.64,3.4,Paid,None,FALSE
CLM_000308,PAT_0088,PRV_H03,PLN_GOLD,47562,R07.9,28-05-26,06-03-26,9630.53,5280,4752,528,Paid,None,FALSE
CLM_000309,PAT_0055,PRV_H03,PLN_SILV,99215,J06.9,17-05-26,06-02-26,499.37,286,228.8,57.2,Paid,None,TRUE
CLM_000310,PAT_0281,PRV_H02,PLN_BRNZ,36415,K80.20,17-01-26,29-01-26,34.71,34.71,22.56,12.15,Paid,None,FALSE
CLM_000311,PAT_0221,PRV_H04,PLN_SILV,47562,R07.9,27-06-26,07-06-26,4726.16,4726.16,3780.93,945.23,Paid,None,FALSE
CLM_000312,PAT_0294,PRV_H04,PLN_GOLD,99215,R07.9,06-02-26,18-06-26,263.92,263.92,237.53,26.39,Paid,None,FALSE
CLM_000313,PAT_0228,PRV_H02,PLN_BRNZ,93000,K80.20,18-01-26,23-01-26,163.07,163.07,106,57.07,Paid,None,FALSE
CLM_000314,PAT_0195,PRV_H03,PLN_SILV,36415,M54.5,19-06-26,22-06-26,58.53,38.5,30.8,7.7,Paid,None,FALSE
CLM_000315,PAT_0298,PRV_H01,PLN_BRNZ,71045,M54.5,02-08-26,24-02-26,235.69,198,128.7,69.3,Paid,None,FALSE
CLM_000316,PAT_0296,PRV_H04,PLN_SILV,70553,E11.9,24-06-26,07-06-26,858.46,858.46,686.77,171.69,Paid,None,FALSE
CLM_000317,PAT_0223,PRV_H03,PLN_SILV,99215,R07.9,01-03-26,21-01-26,500.07,286,228.8,57.2,Paid,None,TRUE
CLM_000318,PAT_0190,PRV_H05,PLN_SILV,99213,I10,30-06-26,19-07-26,133.7,132,105.6,26.4,Paid,None,FALSE
CLM_000319,PAT_0145,PRV_H01,PLN_BRNZ,70553,K80.20,29-06-26,19-07-26,1078.04,935,607.75,327.25,Paid,None,FALSE
CLM_000320,PAT_0196,PRV_H04,PLN_GOLD,70553,M54.5,14-02-26,03-03-26,831.14,831.14,748.03,83.11,Paid,None,FALSE
CLM_000321,PAT_0185,PRV_H04,PLN_GOLD,71045,J06.9,21-06-26,27-06-26,175.83,175.83,0,0,Denied,Missing Prior Authorization,FALSE
CLM_000322,PAT_0074,PRV_H04,PLN_SILV,80053,E11.9,22-01-26,28-01-26,97.06,97.06,77.65,19.41,Paid,None,FALSE
CLM_000323,PAT_0234,PRV_H05,PLN_GOLD,80053,R07.9,16-02-26,03-04-26,94.67,94.67,85.2,9.47,Paid,None,FALSE
CLM_000324,PAT_0231,PRV_H04,PLN_BRNZ,47562,E11.9,17-02-26,03-04-26,5140.39,5140.39,3341.25,1799.14,Paid,None,FALSE
CLM_000325,PAT_0122,PRV_H05,PLN_SILV,93000,K80.20,20-05-26,06-09-26,153.51,153.51,122.81,30.7,Paid,None,FALSE
CLM_000326,PAT_0291,PRV_H04,PLN_GOLD,47562,I10,29-05-26,15-06-26,5483.27,5280,0,0,Denied,Billing Code Discrepancy,FALSE
CLM_000327,PAT_0144,PRV_H04,PLN_BRNZ,99215,R07.9,06-06-26,06-10-26,259.75,259.75,168.84,90.91,Paid,None,FALSE
CLM_000328,PAT_0340,PRV_H01,PLN_GOLD,93000,R07.9,14-01-26,26-01-26,196.58,165,0,0,Denied,Service Not Medically Necessary,FALSE
CLM_000329,PAT_0263,PRV_H04,PLN_GOLD,47562,K80.20,04-01-26,04-12-26,4837.64,4837.64,4353.88,483.76,Paid,None,FALSE
CLM_000330,PAT_0156,PRV_H05,PLN_SILV,93000,I10,06-11-26,28-06-26,159.84,159.84,127.87,31.97,Paid,None,FALSE
CLM_000331,PAT_0337,PRV_H03,PLN_GOLD,99213,J06.9,05-05-26,05-09-26,204.17,132,0,0,Denied,Service Not Medically Necessary,FALSE
CLM_000332,PAT_0130,PRV_H02,PLN_SILV,93000,J06.9,03-07-26,03-09-26,164.74,164.74,131.79,32.95,Paid,None,FALSE
CLM_000333,PAT_0303,PRV_H02,PLN_GOLD,36415,J06.9,14-02-26,24-02-26,38.73,38.5,34.65,3.85,Paid,None,FALSE
CLM_000334,PAT_0093,PRV_H05,PLN_GOLD,99213,J06.9,22-01-26,28-01-26,128.29,128.29,115.46,12.83,Paid,None,FALSE
CLM_000335,PAT_0254,PRV_H04,PLN_GOLD,80053,E11.9,19-06-26,07-05-26,98.57,98.57,88.71,9.86,Paid,None,FALSE
CLM_000336,PAT_0296,PRV_H03,PLN_SILV,99213,M54.5,03-09-26,14-03-26,197.04,132,105.6,26.4,Paid,None,FALSE
CLM_000337,PAT_0244,PRV_H03,PLN_BRNZ,36415,M54.5,17-05-26,26-05-26,66.63,38.5,25.03,13.47,Paid,None,FALSE
CLM_000338,PAT_0243,PRV_H03,PLN_SILV,71045,R07.9,22-04-26,24-04-26,329.59,198,158.4,39.6,Paid,None,FALSE
CLM_000339,PAT_0196,PRV_H03,PLN_GOLD,99213,I10,17-05-26,30-05-26,283.79,132,118.8,13.2,Paid,None,FALSE
CLM_000340,PAT_0334,PRV_H03,PLN_SILV,47562,J06.9,03-10-26,15-03-26,9526.57,5280,0,1056,Flagged SIU,Suspected Duplicate Submission,FALSE
CLM_000341,PAT_0346,PRV_H02,PLN_BRNZ,70553,R07.9,28-03-26,04-04-26,860.76,860.76,0,0,Denied,Missing Prior Authorization,FALSE
CLM_000342,PAT_0007,PRV_H04,PLN_SILV,99215,R07.9,27-01-26,02-12-26,265.28,265.28,212.22,53.06,Paid,None,FALSE
CLM_000343,PAT_0129,PRV_H02,PLN_SILV,99213,I10,06-08-26,06-12-26,115.37,115.37,92.3,23.07,Paid,None,FALSE
CLM_000344,PAT_0112,PRV_H05,PLN_GOLD,99215,M54.5,31-01-26,02-04-26,291.53,286,257.4,28.6,Paid,None,FALSE
CLM_000345,PAT_0337,PRV_H05,PLN_GOLD,71045,I10,28-06-26,07-05-26,180.12,180.12,162.11,18.01,Paid,None,FALSE
CLM_000346,PAT_0039,PRV_H04,PLN_BRNZ,93000,K80.20,27-06-26,07-09-26,150.22,150.22,97.64,52.58,Paid,None,FALSE
CLM_000347,PAT_0142,PRV_H01,PLN_SILV,80053,K80.20,27-03-26,30-03-26,110.47,99,79.2,19.8,Paid,None,FALSE
CLM_000348,PAT_0092,PRV_H04,PLN_BRNZ,99215,K80.20,21-02-26,03-07-26,256.28,256.28,166.58,89.7,Paid,None,FALSE
CLM_000349,PAT_0074,PRV_H05,PLN_SILV,80053,E11.9,06-07-26,06-12-26,101.93,99,79.2,19.8,Paid,None,FALSE
CLM_000350,PAT_0053,PRV_H01,PLN_GOLD,99215,I10,27-05-26,06-06-26,359.62,286,0,0,Denied,Service Not Medically Necessary,FALSE
CLM_000351,PAT_0077,PRV_H01,PLN_SILV,99213,M54.5,04-10-26,20-04-26,143.46,132,105.6,26.4,Paid,None,FALSE
CLM_000352,PAT_0201,PRV_H05,PLN_SILV,99213,R07.9,05-06-26,23-05-26,124.47,124.47,99.58,24.89,Paid,None,FALSE
CLM_000353,PAT_0036,PRV_H05,PLN_BRNZ,70553,I10,04-09-26,26-04-26,828.1,828.1,538.27,289.83,Paid,None,FALSE
CLM_000354,PAT_0171,PRV_H03,PLN_GOLD,80053,I10,06-11-26,15-06-26,170.31,99,89.1,9.9,Paid,None,FALSE
CLM_000355,PAT_0175,PRV_H01,PLN_GOLD,36415,J06.9,15-06-26,23-06-26,42.1,38.5,0,0,Denied,Service Not Medically Necessary,FALSE
CLM_000356,PAT_0339,PRV_H02,PLN_BRNZ,93000,M54.5,04-10-26,15-04-26,161.42,161.42,104.92,56.5,Paid,None,FALSE
CLM_000357,PAT_0044,PRV_H04,PLN_GOLD,70553,E11.9,01-10-26,18-01-26,811.81,811.81,730.63,81.18,Paid,None,FALSE
CLM_000358,PAT_0200,PRV_H01,PLN_BRNZ,93000,K80.20,17-05-26,06-02-26,216,165,0,0,Denied,Service Not Medically Necessary,FALSE
CLM_000359,PAT_0029,PRV_H03,PLN_BRNZ,99213,K80.20,31-01-26,02-08-26,269.48,132,85.8,46.2,Paid,None,FALSE
CLM_000360,PAT_0235,PRV_H05,PLN_SILV,71045,M54.5,29-05-26,06-07-26,204.29,198,0,0,Denied,Missing Prior Authorization,FALSE
CLM_000361,PAT_0251,PRV_H01,PLN_GOLD,36415,R07.9,01-12-26,21-01-26,47.61,38.5,34.65,3.85,Paid,None,FALSE
CLM_000362,PAT_0089,PRV_H01,PLN_SILV,93000,I10,27-04-26,05-04-26,210.09,165,0,0,Denied,Missing Prior Authorization,FALSE
CLM_000363,PAT_0059,PRV_H04,PLN_SILV,70553,I10,21-02-26,03-08-26,864.85,864.85,691.88,172.97,Paid,None,FALSE
CLM_000364,PAT_0206,PRV_H03,PLN_GOLD,99215,M54.5,28-05-26,16-06-26,444.56,286,257.4,28.6,Paid,None,FALSE
CLM_000365,PAT_0024,PRV_H05,PLN_BRNZ,71045,J06.9,17-01-26,22-01-26,180.86,180.86,117.56,63.3,Paid,None,FALSE
CLM_000366,PAT_0087,PRV_H03,PLN_GOLD,71045,K80.20,03-04-26,24-03-26,293.86,198,178.2,19.8,Paid,None,FALSE
CLM_000367,PAT_0324,PRV_H05,PLN_BRNZ,80053,E11.9,01-05-26,22-01-26,86.95,86.95,0,0,Denied,Missing Prior Authorization,FALSE
CLM_000368,PAT_0334,PRV_H05,PLN_SILV,93000,K80.20,27-06-26,14-07-26,163.27,163.27,130.62,32.65,Paid,None,FALSE
CLM_000369,PAT_0328,PRV_H03,PLN_BRNZ,36415,K80.20,03-03-26,03-10-26,73.1,38.5,0,0,Denied,Missing Prior Authorization,FALSE
CLM_000370,PAT_0256,PRV_H05,PLN_SILV,99215,M54.5,19-03-26,04-01-26,268.78,268.78,215.02,53.76,Paid,None,FALSE
CLM_000371,PAT_0099,PRV_H01,PLN_BRNZ,99215,R07.9,04-03-26,22-04-26,338.59,286,185.9,100.1,Paid,None,FALSE
CLM_000372,PAT_0321,PRV_H02,PLN_BRNZ,93000,I10,19-02-26,24-02-26,166.4,165,107.25,57.75,Paid,None,FALSE
CLM_000373,PAT_0243,PRV_H04,PLN_SILV,71045,E11.9,21-06-26,24-06-26,172.94,172.94,138.35,34.59,Paid,None,FALSE
CLM_000374,PAT_0108,PRV_H04,PLN_SILV,93000,J06.9,06-07-26,23-06-26,143.8,143.8,115.04,28.76,Paid,None,FALSE
CLM_000375,PAT_0276,PRV_H02,PLN_BRNZ,71045,I10,05-05-26,23-05-26,175.18,175.18,113.87,61.31,Paid,None,FALSE
CLM_000376,PAT_0228,PRV_H05,PLN_BRNZ,47562,K80.20,20-02-26,03-04-26,4780.86,4780.86,0,0,Denied,Missing Prior Authorization,FALSE
CLM_000377,PAT_0212,PRV_H02,PLN_SILV,80053,E11.9,19-01-26,02-05-26,96.03,96.03,0,0,Denied,Service Not Medically Necessary,FALSE
CLM_000378,PAT_0075,PRV_H02,PLN_SILV,36415,E11.9,04-10-26,23-04-26,34.2,34.2,27.36,6.84,Paid,None,FALSE
CLM_000379,PAT_0324,PRV_H03,PLN_BRNZ,93000,E11.9,27-03-26,04-02-26,243.85,165,107.25,57.75,Paid,None,FALSE
CLM_000380,PAT_0144,PRV_H02,PLN_BRNZ,99215,K80.20,28-04-26,13-05-26,255.9,255.9,166.34,89.56,Paid,None,FALSE
CLM_000381,PAT_0152,PRV_H05,PLN_BRNZ,71045,M54.5,06-06-26,13-06-26,191.81,191.81,124.68,67.13,Paid,None,FALSE
CLM_000382,PAT_0118,PRV_H01,PLN_SILV,80053,R07.9,05-06-26,14-05-26,119.47,99,79.2,19.8,Paid,None,FALSE
CLM_000383,PAT_0143,PRV_H01,PLN_GOLD,80053,M54.5,03-05-26,14-03-26,112.34,99,89.1,9.9,Paid,None,FALSE
CLM_000384,PAT_0303,PRV_H02,PLN_GOLD,99213,K80.20,01-12-26,15-01-26,137.79,132,118.8,13.2,Paid,None,FALSE
CLM_000385,PAT_0259,PRV_H01,PLN_SILV,80053,R07.9,04-11-26,28-04-26,125.36,99,79.2,19.8,Paid,None,FALSE
CLM_000386,PAT_0051,PRV_H04,PLN_BRNZ,36415,E11.9,22-01-26,02-10-26,38.52,38.5,25.03,13.47,Paid,None,FALSE
CLM_000387,PAT_0209,PRV_H02,PLN_SILV,71045,J06.9,17-03-26,26-03-26,194.32,194.32,155.46,38.86,Paid,None,FALSE
CLM_000388,PAT_0246,PRV_H03,PLN_GOLD,71045,M54.5,28-04-26,18-05-26,395.61,198,0,0,Denied,Service Not Medically Necessary,FALSE
CLM_000389,PAT_0238,PRV_H02,PLN_SILV,80053,E11.9,04-05-26,21-04-26,98.17,98.17,0,0,Denied,Billing Code Discrepancy,FALSE
CLM_000390,PAT_0037,PRV_H04,PLN_BRNZ,47562,R07.9,01-09-26,20-01-26,4968.87,4968.87,3229.77,1739.1,Paid,None,FALSE
CLM_000391,PAT_0278,PRV_H05,PLN_BRNZ,70553,M54.5,21-01-26,02-02-26,932.58,932.58,606.18,326.4,Paid,None,FALSE
CLM_000392,PAT_0346,PRV_H03,PLN_BRNZ,99213,I10,04-09-26,22-04-26,236.67,132,0,0,Denied,Service Not Medically Necessary,FALSE
CLM_000393,PAT_0090,PRV_H05,PLN_SILV,99215,R07.9,22-02-26,28-02-26,298.03,286,228.8,57.2,Paid,None,FALSE
CLM_000394,PAT_0059,PRV_H04,PLN_SILV,70553,M54.5,27-02-26,03-11-26,867.46,867.46,693.97,173.49,Paid,None,FALSE
CLM_000395,PAT_0142,PRV_H01,PLN_SILV,99215,J06.9,30-03-26,15-04-26,336.93,286,228.8,57.2,Paid,None,FALSE
CLM_000396,PAT_0063,PRV_H04,PLN_BRNZ,93000,K80.20,06-08-26,21-06-26,166.5,165,107.25,57.75,Paid,None,FALSE
CLM_000397,PAT_0034,PRV_H02,PLN_BRNZ,36415,I10,21-01-26,02-04-26,39.54,38.5,25.03,13.47,Paid,None,FALSE
CLM_000398,PAT_0040,PRV_H01,PLN_GOLD,71045,J06.9,29-01-26,02-04-26,233.8,198,178.2,19.8,Paid,None,FALSE
CLM_000399,PAT_0267,PRV_H01,PLN_GOLD,93000,K80.20,24-06-26,13-07-26,214.43,165,148.5,16.5,Paid,None,FALSE
CLM_000400,PAT_0216,PRV_H04,PLN_GOLD,99213,J06.9,18-02-26,22-02-26,114.53,114.53,103.08,11.45,Paid,None,FALSE
CLM_000401,PAT_0267,PRV_H03,PLN_GOLD,80053,R07.9,29-03-26,04-10-26,179,99,89.1,9.9,Paid,None,FALSE
CLM_000402,PAT_0272,PRV_H05,PLN_BRNZ,36415,K80.20,19-03-26,04-08-26,34.17,34.17,22.21,11.96,Paid,None,FALSE
CLM_000403,PAT_0088,PRV_H03,PLN_GOLD,70553,K80.20,04-06-26,17-04-26,1883.43,935,0,0,Denied,Service Not Medically Necessary,FALSE
CLM_000404,PAT_0086,PRV_H05,PLN_SILV,71045,M54.5,18-05-26,29-05-26,177.56,177.56,142.05,35.51,Paid,None,FALSE
CLM_000405,PAT_0342,PRV_H02,PLN_GOLD,71045,E11.9,30-01-26,02-02-26,206.78,198,178.2,19.8,Paid,None,FALSE
CLM_000406,PAT_0226,PRV_H03,PLN_GOLD,47562,E11.9,22-02-26,13-03-26,10395.4,5280,4752,528,Paid,None,FALSE
CLM_000407,PAT_0076,PRV_H03,PLN_GOLD,36415,R07.9,02-11-26,03-02-26,64.44,38.5,34.65,3.85,Paid,None,FALSE
CLM_000408,PAT_0208,PRV_H04,PLN_SILV,71045,K80.20,23-03-26,29-03-26,171.15,171.15,136.92,34.23,Paid,None,FALSE
CLM_000409,PAT_0260,PRV_H03,PLN_GOLD,93000,K80.20,16-03-26,04-05-26,320.03,165,148.5,16.5,Paid,None,FALSE
CLM_000410,PAT_0227,PRV_H03,PLN_GOLD,99215,M54.5,05-03-26,05-06-26,445,286,257.4,28.6,Paid,None,TRUE
CLM_000411,PAT_0206,PRV_H05,PLN_GOLD,70553,K80.20,04-02-26,04-06-26,862.98,862.98,776.68,86.3,Paid,None,FALSE
CLM_000412,PAT_0270,PRV_H02,PLN_BRNZ,93000,E11.9,01-06-26,01-10-26,158.65,158.65,103.12,55.53,Paid,None,FALSE
CLM_000413,PAT_0344,PRV_H01,PLN_SILV,80053,E11.9,05-06-26,18-05-26,119.79,99,79.2,19.8,Paid,None,FALSE
CLM_000414,PAT_0029,PRV_H03,PLN_BRNZ,80053,E11.9,20-04-26,05-03-26,171.8,99,0,0,Denied,Service Not Medically Necessary,FALSE
CLM_000415,PAT_0180,PRV_H03,PLN_BRNZ,36415,R07.9,23-01-26,31-01-26,76.38,38.5,25.03,13.47,Paid,None,FALSE
CLM_000416,PAT_0213,PRV_H04,PLN_GOLD,93000,E11.9,19-04-26,05-04-26,146.69,146.69,132.02,14.67,Paid,None,FALSE
CLM_000417,PAT_0045,PRV_H02,PLN_GOLD,70553,J06.9,05-02-26,20-05-26,975.23,935,841.5,93.5,Paid,None,FALSE
CLM_000418,PAT_0193,PRV_H01,PLN_SILV,99213,K80.20,13-06-26,23-06-26,152.92,132,105.6,26.4,Paid,None,FALSE
CLM_000419,PAT_0291,PRV_H02,PLN_GOLD,70553,E11.9,04-08-26,19-04-26,901.66,901.66,0,0,Denied,Billing Code Discrepancy,FALSE
CLM_000420,PAT_0156,PRV_H04,PLN_SILV,36415,E11.9,01-07-26,01-09-26,34.33,34.33,27.46,6.87,Paid,None,FALSE
CLM_000421,PAT_0328,PRV_H04,PLN_BRNZ,99215,M54.5,20-06-26,07-01-26,268.69,268.69,174.65,94.04,Paid,None,FALSE
CLM_000422,PAT_0331,PRV_H02,PLN_BRNZ,99213,I10,03-12-26,29-03-26,137.86,132,0,0,Denied,Billing Code Discrepancy,FALSE
CLM_000423,PAT_0186,PRV_H05,PLN_GOLD,36415,R07.9,22-04-26,05-02-26,37.65,37.65,33.88,3.77,Paid,None,FALSE
CLM_000424,PAT_0062,PRV_H03,PLN_GOLD,99213,J06.9,02-11-26,03-03-26,197.62,132,118.8,13.2,Paid,None,FALSE
CLM_000425,PAT_0070,PRV_H03,PLN_SILV,71045,I10,03-11-26,24-03-26,383.25,198,0,39.6,Flagged SIU,Suspected Duplicate Submission,FALSE
CLM_000426,PAT_0183,PRV_H01,PLN_SILV,93000,J06.9,16-05-26,20-05-26,195.62,165,132,33,Paid,None,FALSE
CLM_000427,PAT_0094,PRV_H01,PLN_GOLD,71045,R07.9,24-03-26,04-05-26,251.65,198,178.2,19.8,Paid,None,FALSE
CLM_000428,PAT_0155,PRV_H03,PLN_BRNZ,47562,I10,17-05-26,06-06-26,9030.26,5280,0,0,Denied,Service Not Medically Necessary,FALSE
CLM_000429,PAT_0191,PRV_H04,PLN_GOLD,80053,J06.9,02-11-26,16-02-26,89.42,89.42,80.48,8.94,Paid,None,FALSE
CLM_000430,PAT_0097,PRV_H05,PLN_SILV,99215,K80.20,28-04-26,05-02-26,253.06,253.06,202.45,50.61,Paid,None,FALSE
CLM_000431,PAT_0009,PRV_H04,PLN_SILV,47562,J06.9,26-06-26,07-09-26,4693.45,4693.45,3754.76,938.69,Paid,None,FALSE
CLM_000432,PAT_0268,PRV_H03,PLN_SILV,71045,M54.5,19-03-26,21-03-26,395.2,198,158.4,39.6,Paid,None,FALSE
CLM_000433,PAT_0066,PRV_H02,PLN_SILV,70553,J06.9,02-02-26,02-10-26,829.64,829.64,0,0,Denied,Missing Prior Authorization,FALSE
CLM_000434,PAT_0040,PRV_H01,PLN_GOLD,36415,K80.20,01-11-26,19-01-26,41.38,38.5,34.65,3.85,Paid,None,FALSE
CLM_000435,PAT_0263,PRV_H05,PLN_GOLD,99213,K80.20,31-01-26,02-10-26,115.04,115.04,103.54,11.5,Paid,None,FALSE
CLM_000436,PAT_0006,PRV_H01,PLN_BRNZ,99215,R07.9,22-02-26,14-03-26,369.29,286,185.9,100.1,Paid,None,FALSE
CLM_000437,PAT_0180,PRV_H01,PLN_BRNZ,99215,E11.9,13-03-26,04-02-26,326.13,286,185.9,100.1,Paid,None,FALSE
CLM_000438,PAT_0257,PRV_H05,PLN_GOLD,70553,R07.9,26-05-26,30-05-26,824.35,824.35,0,0,Denied,Missing Prior Authorization,FALSE
CLM_000439,PAT_0099,PRV_H03,PLN_BRNZ,71045,R07.9,01-02-26,01-07-26,421.09,198,128.7,69.3,Paid,None,FALSE
CLM_000440,PAT_0244,PRV_H03,PLN_BRNZ,71045,K80.20,22-06-26,27-06-26,314.04,198,128.7,69.3,Paid,None,FALSE
CLM_000441,PAT_0195,PRV_H04,PLN_SILV,70553,R07.9,28-02-26,15-03-26,826.68,826.68,661.34,165.34,Paid,None,FALSE
CLM_000442,PAT_0057,PRV_H05,PLN_BRNZ,71045,K80.20,04-03-26,14-04-26,191.06,191.06,0,0,Denied,Service Not Medically Necessary,FALSE
CLM_000443,PAT_0253,PRV_H01,PLN_BRNZ,80053,J06.9,27-04-26,05-08-26,122.05,99,64.35,34.65,Paid,None,FALSE
CLM_000444,PAT_0116,PRV_H05,PLN_SILV,80053,J06.9,20-04-26,28-04-26,100.92,99,79.2,19.8,Paid,None,FALSE
CLM_000445,PAT_0244,PRV_H03,PLN_BRNZ,71045,I10,22-06-26,07-09-26,384.78,198,128.7,69.3,Paid,None,FALSE
CLM_000446,PAT_0268,PRV_H01,PLN_SILV,99215,E11.9,04-12-26,26-04-26,353.21,286,228.8,57.2,Paid,None,FALSE
CLM_000447,PAT_0087,PRV_H01,PLN_GOLD,47562,E11.9,28-03-26,04-05-26,6376.74,5280,4752,528,Paid,None,FALSE
CLM_000448,PAT_0218,PRV_H04,PLN_GOLD,93000,M54.5,29-05-26,18-06-26,150.69,150.69,135.62,15.07,Paid,None,FALSE
CLM_000449,PAT_0330,PRV_H04,PLN_SILV,47562,K80.20,20-06-26,07-04-26,5508.02,5280,4224,1056,Paid,None,FALSE
CLM_000450,PAT_0233,PRV_H01,PLN_GOLD,99215,J06.9,05-06-26,23-05-26,317,286,257.4,28.6,Paid,None,FALSE
CLM_000451,PAT_0016,PRV_H01,PLN_BRNZ,99213,I10,05-08-26,05-10-26,172.99,132,85.8,46.2,Paid,None,FALSE
CLM_000452,PAT_0348,PRV_H03,PLN_SILV,71045,J06.9,06-09-26,14-06-26,397.46,198,158.4,39.6,Paid,None,FALSE
CLM_000453,PAT_0267,PRV_H04,PLN_GOLD,36415,E11.9,17-03-26,04-03-26,36.68,36.68,33.01,3.67,Paid,None,FALSE
CLM_000454,PAT_0176,PRV_H05,PLN_BRNZ,99213,I10,21-04-26,26-04-26,123.21,123.21,80.09,43.12,Paid,None,FALSE
CLM_000455,PAT_0193,PRV_H04,PLN_SILV,36415,I10,01-09-26,16-01-26,37.15,37.15,29.72,7.43,Paid,None,FALSE
CLM_000456,PAT_0156,PRV_H02,PLN_SILV,36415,K80.20,02-04-26,15-02-26,38.26,38.26,30.61,7.65,Paid,None,FALSE
CLM_000457,PAT_0057,PRV_H05,PLN_BRNZ,36415,M54.5,22-05-26,06-10-26,37.26,37.26,24.22,13.04,Paid,None,FALSE
CLM_000458,PAT_0081,PRV_H05,PLN_GOLD,99213,K80.20,03-09-26,26-03-26,128.19,128.19,115.37,12.82,Paid,None,FALSE
CLM_000459,PAT_0347,PRV_H03,PLN_GOLD,93000,J06.9,16-01-26,18-01-26,310.86,165,148.5,16.5,Paid,None,FALSE
CLM_000460,PAT_0188,PRV_H03,PLN_SILV,99213,M54.5,29-03-26,04-12-26,201.35,132,105.6,26.4,Paid,None,FALSE
CLM_000461,PAT_0183,PRV_H04,PLN_SILV,47562,I10,19-06-26,28-06-26,4797.71,4797.71,3838.17,959.54,Paid,None,FALSE
CLM_000462,PAT_0034,PRV_H03,PLN_BRNZ,99215,J06.9,13-02-26,15-02-26,527.99,286,185.9,100.1,Paid,None,TRUE
CLM_000463,PAT_0217,PRV_H05,PLN_SILV,80053,J06.9,01-06-26,23-01-26,96.08,96.08,76.86,19.22,Paid,None,FALSE
CLM_000464,PAT_0194,PRV_H05,PLN_SILV,80053,J06.9,27-05-26,06-01-26,100.05,99,79.2,19.8,Paid,None,FALSE
CLM_000465,PAT_0346,PRV_H02,PLN_BRNZ,47562,K80.20,05-09-26,21-05-26,4719.96,4719.96,3067.97,1651.99,Paid,None,FALSE
CLM_000466,PAT_0104,PRV_H04,PLN_SILV,99215,R07.9,24-02-26,03-07-26,260.79,260.79,208.63,52.16,Paid,None,FALSE
CLM_000467,PAT_0294,PRV_H04,PLN_GOLD,70553,R07.9,24-01-26,13-02-26,823.6,823.6,0,0,Denied,Billing Code Discrepancy,FALSE
CLM_000468,PAT_0244,PRV_H04,PLN_BRNZ,70553,J06.9,20-01-26,31-01-26,893.29,893.29,580.64,312.65,Paid,None,FALSE
CLM_000469,PAT_0161,PRV_H02,PLN_BRNZ,80053,K80.20,03-06-26,24-03-26,93.66,93.66,60.88,32.78,Paid,None,FALSE
CLM_000470,PAT_0093,PRV_H01,PLN_GOLD,71045,R07.9,05-08-26,16-05-26,242.68,198,178.2,19.8,Paid,None,FALSE
CLM_000471,PAT_0240,PRV_H03,PLN_SILV,80053,R07.9,06-10-26,13-06-26,181.6,99,79.2,19.8,Paid,None,FALSE
CLM_000472,PAT_0076,PRV_H02,PLN_GOLD,71045,M54.5,25-06-26,07-06-26,201.39,198,178.2,19.8,Paid,None,FALSE
CLM_000473,PAT_0033,PRV_H02,PLN_GOLD,80053,J06.9,15-03-26,22-03-26,90.12,90.12,81.11,9.01,Paid,None,FALSE
CLM_000474,PAT_0208,PRV_H02,PLN_SILV,99215,E11.9,19-02-26,21-02-26,259.77,259.77,207.82,51.95,Paid,None,FALSE
CLM_000475,PAT_0238,PRV_H04,PLN_SILV,80053,K80.20,15-06-26,18-06-26,89.14,89.14,71.31,17.83,Paid,None,FALSE
CLM_000476,PAT_0015,PRV_H03,PLN_GOLD,93000,M54.5,21-05-26,28-05-26,317.32,165,0,0,Denied,Billing Code Discrepancy,FALSE
CLM_000477,PAT_0249,PRV_H01,PLN_SILV,99213,I10,22-03-26,04-02-26,169.22,132,105.6,26.4,Paid,None,FALSE
CLM_000478,PAT_0209,PRV_H03,PLN_SILV,99215,K80.20,02-05-26,14-02-26,439.28,286,228.8,57.2,Paid,None,FALSE
CLM_000479,PAT_0268,PRV_H05,PLN_SILV,93000,K80.20,24-01-26,02-02-26,160.49,160.49,128.39,32.1,Paid,None,FALSE
CLM_000480,PAT_0161,PRV_H03,PLN_BRNZ,80053,M54.5,03-02-26,17-03-26,159.7,99,64.35,34.65,Paid,None,FALSE
CLM_000481,PAT_0110,PRV_H03,PLN_GOLD,36415,K80.20,03-07-26,27-03-26,57.57,38.5,34.65,3.85,Paid,None,FALSE
CLM_000482,PAT_0058,PRV_H03,PLN_SILV,80053,K80.20,24-06-26,07-03-26,213.36,99,79.2,19.8,Paid,None,FALSE
CLM_000483,PAT_0075,PRV_H03,PLN_SILV,36415,M54.5,04-05-26,16-04-26,56.59,38.5,30.8,7.7,Paid,None,FALSE
CLM_000484,PAT_0311,PRV_H01,PLN_BRNZ,99213,M54.5,21-06-26,30-06-26,147.11,132,85.8,46.2,Paid,None,FALSE
CLM_000485,PAT_0328,PRV_H03,PLN_BRNZ,99215,R07.9,03-02-26,18-03-26,496.8,286,185.9,100.1,Paid,None,FALSE
CLM_000486,PAT_0131,PRV_H03,PLN_SILV,99215,E11.9,18-03-26,26-03-26,594.76,286,228.8,57.2,Paid,None,TRUE
CLM_000487,PAT_0163,PRV_H04,PLN_SILV,99213,J06.9,21-01-26,02-07-26,125.31,125.31,100.25,25.06,Paid,None,FALSE
CLM_000488,PAT_0171,PRV_H04,PLN_GOLD,99215,E11.9,28-06-26,07-08-26,273.33,273.33,246,27.33,Paid,None,FALSE
CLM_000489,PAT_0309,PRV_H05,PLN_GOLD,47562,K80.20,27-06-26,29-06-26,5291.5,5280,4752,528,Paid,None,FALSE
CLM_000490,PAT_0228,PRV_H02,PLN_BRNZ,99213,K80.20,21-02-26,03-04-26,121.53,121.53,78.99,42.54,Paid,None,FALSE
CLM_000491,PAT_0081,PRV_H02,PLN_GOLD,71045,R07.9,25-06-26,07-10-26,199.54,198,178.2,19.8,Paid,None,FALSE
CLM_000492,PAT_0245,PRV_H02,PLN_GOLD,93000,E11.9,25-06-26,15-07-26,167.3,165,148.5,16.5,Paid,None,FALSE
CLM_000493,PAT_0102,PRV_H01,PLN_BRNZ,80053,J06.9,16-02-26,03-02-26,127.16,99,64.35,34.65,Paid,None,FALSE
CLM_000494,PAT_0293,PRV_H02,PLN_GOLD,99213,I10,23-05-26,06-01-26,135.76,132,118.8,13.2,Paid,None,FALSE
CLM_000495,PAT_0102,PRV_H03,PLN_BRNZ,71045,I10,13-04-26,28-04-26,374.46,198,128.7,69.3,Paid,None,FALSE
CLM_000496,PAT_0189,PRV_H02,PLN_SILV,99215,I10,15-05-26,30-05-26,287.21,286,228.8,57.2,Paid,None,FALSE
CLM_000497,PAT_0345,PRV_H04,PLN_BRNZ,99215,E11.9,22-02-26,03-02-26,296.19,286,185.9,100.1,Paid,None,FALSE
CLM_000498,PAT_0137,PRV_H03,PLN_GOLD,36415,K80.20,02-03-26,18-02-26,79.98,38.5,34.65,3.85,Paid,None,FALSE
CLM_000499,PAT_0145,PRV_H02,PLN_BRNZ,80053,E11.9,15-04-26,21-04-26,86.02,86.02,55.91,30.11,Paid,None,FALSE
CLM_000500,PAT_0121,PRV_H05,PLN_GOLD,36415,E11.9,04-05-26,25-04-26,38.04,38.04,34.24,3.8,Paid,None,FALSE
CLM_000501,PAT_0006,PRV_H04,PLN_BRNZ,71045,J06.9,27-06-26,07-11-26,195.73,195.73,127.22,68.51,Paid,None,FALSE
CLM_000502,PAT_0217,PRV_H05,PLN_SILV,93000,I10,25-01-26,13-02-26,144.26,144.26,115.41,28.85,Paid,None,FALSE
CLM_000503,PAT_0121,PRV_H04,PLN_GOLD,47562,R07.9,21-06-26,24-06-26,4565.15,4565.15,4108.64,456.51,Paid,None,FALSE
CLM_000504,PAT_0203,PRV_H03,PLN_SILV,71045,R07.9,01-11-26,31-01-26,313.83,198,158.4,39.6,Paid,None,FALSE
CLM_000505,PAT_0253,PRV_H03,PLN_BRNZ,36415,E11.9,23-01-26,02-04-26,75.89,38.5,25.03,13.47,Paid,None,FALSE
CLM_000506,PAT_0134,PRV_H01,PLN_SILV,47562,I10,02-02-26,19-02-26,6775.22,5280,4224,1056,Paid,None,FALSE
CLM_000507,PAT_0221,PRV_H03,PLN_SILV,93000,R07.9,03-09-26,27-03-26,277.56,165,132,33,Paid,None,FALSE
CLM_000508,PAT_0162,PRV_H04,PLN_GOLD,71045,R07.9,18-06-26,07-04-26,172.92,172.92,155.63,17.29,Paid,None,FALSE
CLM_000509,PAT_0118,PRV_H02,PLN_SILV,99213,K80.20,03-08-26,15-03-26,130.94,130.94,104.75,26.19,Paid,None,FALSE
CLM_000510,PAT_0254,PRV_H01,PLN_GOLD,36415,J06.9,24-05-26,06-10-26,49.57,38.5,0,3.85,Flagged SIU,Suspected Duplicate Submission,FALSE
CLM_000511,PAT_0076,PRV_H01,PLN_GOLD,47562,I10,22-02-26,03-05-26,5780.14,5280,0,0,Denied,Service Not Medically Necessary,FALSE
CLM_000512,PAT_0289,PRV_H05,PLN_GOLD,70553,R07.9,01-02-26,20-01-26,937.86,935,841.5,93.5,Paid,None,FALSE
CLM_000513,PAT_0127,PRV_H04,PLN_BRNZ,99215,J06.9,01-07-26,18-01-26,282.43,282.43,183.58,98.85,Paid,None,FALSE
CLM_000514,PAT_0202,PRV_H03,PLN_GOLD,99215,J06.9,02-09-26,02-11-26,432.86,286,257.4,28.6,Paid,None,FALSE
CLM_000515,PAT_0233,PRV_H03,PLN_GOLD,99213,J06.9,01-12-26,28-01-26,223.19,132,118.8,13.2,Paid,None,FALSE
CLM_000516,PAT_0292,PRV_H02,PLN_BRNZ,70553,I10,14-06-26,25-06-26,862.44,862.44,0,0,Denied,Billing Code Discrepancy,FALSE
CLM_000517,PAT_0196,PRV_H01,PLN_GOLD,80053,J06.9,15-02-26,24-02-26,129.56,99,89.1,9.9,Paid,None,FALSE
CLM_000518,PAT_0046,PRV_H01,PLN_BRNZ,70553,E11.9,04-10-26,24-04-26,1050.16,935,607.75,327.25,Paid,None,FALSE
CLM_000519,PAT_0062,PRV_H03,PLN_GOLD,36415,K80.20,21-03-26,27-03-26,66.05,38.5,34.65,3.85,Paid,None,FALSE
CLM_000520,PAT_0189,PRV_H05,PLN_SILV,70553,K80.20,25-04-26,05-09-26,888.49,888.49,710.79,177.7,Paid,None,FALSE
CLM_000521,PAT_0217,PRV_H03,PLN_SILV,71045,K80.20,06-11-26,26-06-26,301.38,198,158.4,39.6,Paid,None,FALSE
CLM_000522,PAT_0238,PRV_H02,PLN_SILV,71045,K80.20,15-05-26,06-02-26,174.02,174.02,139.22,34.8,Paid,None,FALSE
CLM_000523,PAT_0041,PRV_H04,PLN_SILV,93000,E11.9,02-02-26,13-02-26,167.75,165,132,33,Paid,None,FALSE
CLM_000524,PAT_0152,PRV_H05,PLN_BRNZ,99213,R07.9,20-01-26,23-01-26,126.32,126.32,82.11,44.21,Paid,None,FALSE
CLM_000525,PAT_0212,PRV_H01,PLN_SILV,36415,M54.5,26-05-26,06-05-26,43.98,38.5,30.8,7.7,Paid,None,FALSE
CLM_000526,PAT_0258,PRV_H01,PLN_SILV,99215,M54.5,19-06-26,07-05-26,313.01,286,228.8,57.2,Paid,None,FALSE
CLM_000527,PAT_0202,PRV_H01,PLN_GOLD,99215,K80.20,30-06-26,07-11-26,323.49,286,257.4,28.6,Paid,None,FALSE
CLM_000528,PAT_0344,PRV_H04,PLN_SILV,93000,J06.9,17-02-26,25-02-26,148.05,148.05,118.44,29.61,Paid,None,FALSE
CLM_000529,PAT_0310,PRV_H03,PLN_GOLD,99215,K80.20,17-05-26,19-05-26,417.22,286,257.4,28.6,Paid,None,TRUE
CLM_000530,PAT_0245,PRV_H04,PLN_GOLD,80053,M54.5,06-04-26,21-06-26,90.95,90.95,81.85,9.1,Paid,None,FALSE
CLM_000531,PAT_0316,PRV_H03,PLN_SILV,80053,J06.9,23-01-26,29-01-26,153.73,99,79.2,19.8,Paid,None,FALSE
CLM_000532,PAT_0009,PRV_H02,PLN_SILV,99213,E11.9,05-04-26,05-10-26,129.59,129.59,103.67,25.92,Paid,None,FALSE
CLM_000533,PAT_0321,PRV_H05,PLN_BRNZ,70553,I10,19-03-26,04-04-26,832.69,832.69,541.25,291.44,Paid,None,FALSE
CLM_000534,PAT_0079,PRV_H04,PLN_SILV,36415,K80.20,01-06-26,22-01-26,37.35,37.35,29.88,7.47,Paid,None,FALSE
CLM_000535,PAT_0292,PRV_H04,PLN_BRNZ,99213,J06.9,01-03-26,01-08-26,129.13,129.13,83.93,45.2,Paid,None,FALSE
CLM_000536,PAT_0213,PRV_H04,PLN_GOLD,93000,I10,05-05-26,19-05-26,157.08,157.08,141.37,15.71,Paid,None,FALSE
CLM_000537,PAT_0314,PRV_H04,PLN_GOLD,70553,M54.5,16-01-26,02-03-26,810.73,810.73,729.66,81.07,Paid,None,FALSE
CLM_000538,PAT_0138,PRV_H04,PLN_GOLD,36415,I10,05-07-26,20-05-26,36.39,36.39,32.75,3.64,Paid,None,FALSE
CLM_000539,PAT_0083,PRV_H03,PLN_SILV,70553,K80.20,30-03-26,15-04-26,1517.83,935,748,187,Paid,None,FALSE
CLM_000540,PAT_0174,PRV_H05,PLN_GOLD,36415,E11.9,17-03-26,31-03-26,39.97,38.5,34.65,3.85,Paid,None,FALSE
CLM_000541,PAT_0345,PRV_H03,PLN_BRNZ,36415,E11.9,06-09-26,17-06-26,63.91,38.5,25.03,13.47,Paid,None,FALSE
CLM_000542,PAT_0342,PRV_H04,PLN_GOLD,71045,E11.9,21-02-26,28-02-26,192.81,192.81,173.53,19.28,Paid,None,FALSE
CLM_000543,PAT_0213,PRV_H04,PLN_GOLD,93000,E11.9,23-02-26,14-03-26,143.91,143.91,0,0,Denied,Service Not Medically Necessary,FALSE
CLM_000544,PAT_0183,PRV_H02,PLN_SILV,71045,R07.9,01-09-26,13-01-26,183.16,183.16,146.53,36.63,Paid,None,FALSE
CLM_000545,PAT_0117,PRV_H01,PLN_SILV,70553,K80.20,03-08-26,20-03-26,1177.65,935,748,187,Paid,None,FALSE
CLM_000546,PAT_0286,PRV_H03,PLN_SILV,71045,M54.5,05-12-26,17-05-26,389.72,198,158.4,39.6,Paid,None,FALSE
CLM_000547,PAT_0225,PRV_H04,PLN_GOLD,99215,I10,06-06-26,06-11-26,289.83,286,0,0,Denied,Missing Prior Authorization,FALSE
CLM_000548,PAT_0086,PRV_H01,PLN_SILV,70553,J06.9,02-10-26,21-02-26,1158.08,935,748,187,Paid,None,FALSE
CLM_000549,PAT_0051,PRV_H02,PLN_BRNZ,47562,J06.9,02-05-26,02-10-26,5374.65,5280,3432,1848,Paid,None,FALSE
CLM_000550,PAT_0004,PRV_H02,PLN_BRNZ,36415,J06.9,15-03-26,04-02-26,34.45,34.45,22.39,12.06,Paid,None,FALSE
CLM_000551,PAT_0213,PRV_H03,PLN_GOLD,70553,E11.9,16-05-26,31-05-26,1895.31,935,0,0,Denied,Service Not Medically Necessary,FALSE
CLM_000552,PAT_0235,PRV_H05,PLN_SILV,47562,I10,24-04-26,30-04-26,5299.35,5280,4224,1056,Paid,None,FALSE
CLM_000553,PAT_0036,PRV_H01,PLN_BRNZ,47562,J06.9,13-04-26,20-04-26,6145.06,5280,0,0,Denied,Billing Code Discrepancy,FALSE
CLM_000554,PAT_0078,PRV_H05,PLN_GOLD,99213,M54.5,19-06-26,07-07-26,137.34,132,118.8,13.2,Paid,None,FALSE
CLM_000555,PAT_0349,PRV_H05,PLN_SILV,93000,M54.5,22-03-26,04-04-26,142.74,142.74,114.19,28.55,Paid,None,FALSE
CLM_000556,PAT_0271,PRV_H05,PLN_GOLD,71045,M54.5,14-04-26,30-04-26,194.18,194.18,174.76,19.42,Paid,None,FALSE
CLM_000557,PAT_0320,PRV_H05,PLN_GOLD,36415,M54.5,30-03-26,13-04-26,38.68,38.5,34.65,3.85,Paid,None,FALSE
CLM_000558,PAT_0044,PRV_H01,PLN_GOLD,47562,K80.20,02-02-26,20-02-26,6948.37,5280,4752,528,Paid,None,FALSE
CLM_000559,PAT_0283,PRV_H03,PLN_SILV,47562,M54.5,02-10-26,02-12-26,7787.1,5280,4224,1056,Paid,None,FALSE
CLM_000560,PAT_0124,PRV_H03,PLN_SILV,80053,R07.9,29-01-26,02-01-26,204.59,99,79.2,19.8,Paid,None,FALSE
CLM_000561,PAT_0260,PRV_H03,PLN_GOLD,99215,I10,16-06-26,21-06-26,509.34,286,0,0,Denied,Service Not Medically Necessary,TRUE
CLM_000562,PAT_0121,PRV_H05,PLN_GOLD,70553,J06.9,18-03-26,29-03-26,920.88,920.88,828.79,92.09,Paid,None,FALSE
CLM_000563,PAT_0072,PRV_H04,PLN_GOLD,70553,I10,25-03-26,04-12-26,906.5,906.5,815.85,90.65,Paid,None,FALSE
CLM_000564,PAT_0051,PRV_H02,PLN_BRNZ,80053,K80.20,21-01-26,25-01-26,86.62,86.62,56.3,30.32,Paid,None,FALSE
CLM_000565,PAT_0244,PRV_H02,PLN_BRNZ,36415,I10,04-05-26,23-04-26,36.07,36.07,23.45,12.62,Paid,None,FALSE
CLM_000566,PAT_0203,PRV_H03,PLN_SILV,36415,M54.5,19-04-26,05-05-26,75.29,38.5,30.8,7.7,Paid,None,FALSE
CLM_000567,PAT_0214,PRV_H02,PLN_GOLD,71045,R07.9,02-02-26,19-02-26,196.6,196.6,176.94,19.66,Paid,None,FALSE
CLM_000568,PAT_0263,PRV_H05,PLN_GOLD,99215,M54.5,24-02-26,03-12-26,271.61,271.61,244.45,27.16,Paid,None,FALSE
CLM_000569,PAT_0287,PRV_H03,PLN_GOLD,99215,R07.9,15-04-26,20-04-26,441.14,286,0,0,Denied,Missing Prior Authorization,TRUE
CLM_000570,PAT_0061,PRV_H03,PLN_BRNZ,93000,J06.9,19-03-26,30-03-26,298.31,165,107.25,57.75,Paid,None,FALSE
CLM_000571,PAT_0073,PRV_H05,PLN_GOLD,80053,I10,20-03-26,31-03-26,89.38,89.38,80.44,8.94,Paid,None,FALSE
CLM_000572,PAT_0251,PRV_H01,PLN_GOLD,99215,R07.9,31-03-26,04-04-26,366.89,286,257.4,28.6,Paid,None,FALSE
CLM_000573,PAT_0294,PRV_H03,PLN_GOLD,36415,J06.9,04-07-26,24-04-26,79.36,38.5,34.65,3.85,Paid,None,FALSE
CLM_000574,PAT_0068,PRV_H02,PLN_SILV,36415,K80.20,20-06-26,07-06-26,34.29,34.29,27.43,6.86,Paid,None,FALSE
CLM_000575,PAT_0046,PRV_H05,PLN_BRNZ,80053,K80.20,03-01-26,15-03-26,91.6,91.6,0,0,Denied,Billing Code Discrepancy,FALSE
CLM_000576,PAT_0227,PRV_H03,PLN_GOLD,99215,E11.9,01-07-26,27-01-26,547.06,286,257.4,28.6,Paid,None,FALSE
CLM_000577,PAT_0331,PRV_H01,PLN_BRNZ,99215,E11.9,06-08-26,27-06-26,343.99,286,0,0,Denied,Billing Code Discrepancy,FALSE
CLM_000578,PAT_0268,PRV_H02,PLN_SILV,36415,R07.9,01-05-26,01-10-26,37.86,37.86,30.29,7.57,Paid,None,FALSE
CLM_000579,PAT_0010,PRV_H03,PLN_SILV,70553,E11.9,30-06-26,20-07-26,1662.08,935,748,187,Paid,None,FALSE
CLM_000580,PAT_0206,PRV_H05,PLN_GOLD,99213,K80.20,01-06-26,18-01-26,124.49,124.49,112.04,12.45,Paid,None,FALSE
CLM_000581,PAT_0271,PRV_H03,PLN_GOLD,80053,J06.9,24-01-26,29-01-26,214.54,99,89.1,9.9,Paid,None,FALSE
CLM_000582,PAT_0147,PRV_H02,PLN_BRNZ,71045,J06.9,23-01-26,29-01-26,182.04,182.04,118.33,63.71,Paid,None,FALSE
CLM_000583,PAT_0087,PRV_H01,PLN_GOLD,47562,E11.9,01-07-26,01-10-26,5949.16,5280,0,0,Denied,Service Not Medically Necessary,FALSE
CLM_000584,PAT_0133,PRV_H04,PLN_BRNZ,99215,I10,21-02-26,03-02-26,286.11,286,185.9,100.1,Paid,None,FALSE
CLM_000585,PAT_0253,PRV_H05,PLN_BRNZ,80053,I10,03-10-26,13-03-26,91.23,91.23,59.3,31.93,Paid,None,FALSE
CLM_000586,PAT_0034,PRV_H04,PLN_BRNZ,99213,K80.20,06-12-26,21-06-26,135.93,132,0,0,Denied,Billing Code Discrepancy,FALSE
CLM_000587,PAT_0301,PRV_H01,PLN_SILV,70553,R07.9,16-06-26,22-06-26,1055.18,935,748,187,Paid,None,FALSE
CLM_000588,PAT_0326,PRV_H05,PLN_SILV,70553,E11.9,04-06-26,25-04-26,975,935,748,187,Paid,None,FALSE
CLM_000589,PAT_0217,PRV_H05,PLN_SILV,36415,I10,01-01-26,17-01-26,39.98,38.5,30.8,7.7,Paid,None,FALSE
CLM_000590,PAT_0335,PRV_H02,PLN_SILV,99213,I10,05-04-26,14-05-26,128.35,128.35,102.68,25.67,Paid,None,FALSE
CLM_000591,PAT_0195,PRV_H03,PLN_SILV,70553,R07.9,05-11-26,22-05-26,1390.93,935,748,187,Paid,None,FALSE
CLM_000592,PAT_0154,PRV_H01,PLN_BRNZ,80053,M54.5,02-01-26,02-07-26,123.08,99,64.35,34.65,Paid,None,FALSE
CLM_000593,PAT_0222,PRV_H02,PLN_SILV,47562,M54.5,29-03-26,04-08-26,5500.45,5280,4224,1056,Paid,None,FALSE
CLM_000594,PAT_0340,PRV_H03,PLN_GOLD,47562,E11.9,28-04-26,05-10-26,7740.96,5280,4752,528,Paid,None,FALSE
CLM_000595,PAT_0002,PRV_H05,PLN_GOLD,36415,I10,01-03-26,01-10-26,39.75,36.14,0,3.61,Flagged SIU,Suspected Duplicate Submission,FALSE
CLM_000596,PAT_0251,PRV_H04,PLN_GOLD,99215,M54.5,16-06-26,20-06-26,275.01,275.01,247.51,27.5,Paid,None,FALSE
CLM_000597,PAT_0344,PRV_H04,PLN_SILV,99215,J06.9,04-07-26,20-04-26,267.11,267.11,213.69,53.42,Paid,None,FALSE
CLM_000598,PAT_0005,PRV_H01,PLN_SILV,36415,J06.9,19-02-26,03-07-26,40.35,38.5,30.8,7.7,Paid,None,FALSE
CLM_000599,PAT_0144,PRV_H03,PLN_BRNZ,70553,I10,06-07-26,18-06-26,1909.72,935,607.75,327.25,Paid,None,FALSE
CLM_000600,PAT_0186,PRV_H01,PLN_GOLD,93000,K80.20,30-06-26,07-08-26,172.82,165,148.5,16.5,Paid,None,FALSE
CLM_000601,PAT_0327,PRV_H04,PLN_SILV,99215,J06.9,26-05-26,13-06-26,272.69,272.69,218.15,54.54,Paid,None,FALSE
CLM_000602,PAT_0338,PRV_H05,PLN_BRNZ,71045,I10,31-05-26,06-06-26,197.86,197.86,128.61,69.25,Paid,None,FALSE
CLM_000603,PAT_0292,PRV_H02,PLN_BRNZ,93000,E11.9,23-06-26,25-06-26,172.26,165,107.25,57.75,Paid,None,FALSE
CLM_000604,PAT_0273,PRV_H05,PLN_SILV,93000,M54.5,24-05-26,06-09-26,142.56,142.56,114.05,28.51,Paid,None,FALSE
CLM_000605,PAT_0345,PRV_H01,PLN_BRNZ,47562,K80.20,15-04-26,25-04-26,5695.27,5280,3432,1848,Paid,None,FALSE
CLM_000606,PAT_0265,PRV_H01,PLN_GOLD,70553,I10,13-03-26,28-03-26,1113.26,935,841.5,93.5,Paid,None,FALSE
CLM_000607,PAT_0172,PRV_H01,PLN_SILV,99213,M54.5,27-02-26,14-03-26,172.48,132,105.6,26.4,Paid,None,FALSE
CLM_000608,PAT_0101,PRV_H02,PLN_GOLD,47562,J06.9,17-01-26,22-01-26,4586.76,4586.76,0,0,Denied,Billing Code Discrepancy,FALSE
CLM_000609,PAT_0172,PRV_H03,PLN_SILV,70553,I10,05-02-26,05-11-26,2011.99,935,748,187,Paid,None,FALSE
CLM_000610,PAT_0267,PRV_H02,PLN_GOLD,99215,R07.9,06-08-26,24-06-26,286.73,286,257.4,28.6,Paid,None,FALSE
CLM_000611,PAT_0297,PRV_H01,PLN_GOLD,99215,I10,01-09-26,23-01-26,323.44,286,257.4,28.6,Paid,None,FALSE
CLM_000612,PAT_0034,PRV_H02,PLN_BRNZ,99213,K80.20,15-01-26,26-01-26,128.66,128.66,83.63,45.03,Paid,None,FALSE
CLM_000613,PAT_0053,PRV_H01,PLN_GOLD,99213,J06.9,04-08-26,22-04-26,141.45,132,118.8,13.2,Paid,None,FALSE
CLM_000614,PAT_0120,PRV_H05,PLN_GOLD,99213,K80.20,04-09-26,25-04-26,133.08,132,118.8,13.2,Paid,None,FALSE
CLM_000615,PAT_0318,PRV_H01,PLN_BRNZ,47562,M54.5,22-06-26,24-06-26,6173.87,5280,3432,1848,Paid,None,FALSE
CLM_000616,PAT_0053,PRV_H01,PLN_GOLD,99215,R07.9,19-02-26,03-11-26,308.83,286,257.4,28.6,Paid,None,FALSE
CLM_000617,PAT_0182,PRV_H04,PLN_BRNZ,36415,M54.5,06-08-26,24-06-26,34.55,34.55,22.46,12.09,Paid,None,FALSE
CLM_000618,PAT_0023,PRV_H01,PLN_SILV,71045,J06.9,30-05-26,14-06-26,234.71,198,158.4,39.6,Paid,None,FALSE
CLM_000619,PAT_0184,PRV_H03,PLN_SILV,71045,E11.9,05-01-26,05-12-26,374.88,198,158.4,39.6,Paid,None,FALSE
CLM_000620,PAT_0005,PRV_H05,PLN_SILV,71045,I10,03-02-26,20-03-26,200.49,198,158.4,39.6,Paid,None,FALSE
CLM_000621,PAT_0028,PRV_H04,PLN_GOLD,47562,E11.9,21-02-26,03-01-26,5313.85,5280,4752,528,Paid,None,FALSE
CLM_000622,PAT_0240,PRV_H05,PLN_SILV,47562,R07.9,25-05-26,06-06-26,5151.46,5151.46,4121.17,1030.29,Paid,None,FALSE
CLM_000623,PAT_0233,PRV_H01,PLN_GOLD,36415,E11.9,01-01-26,01-10-26,47.53,38.5,34.65,3.85,Paid,None,FALSE
CLM_000624,PAT_0110,PRV_H02,PLN_GOLD,36415,M54.5,26-03-26,04-09-26,34.69,34.69,31.22,3.47,Paid,None,FALSE
CLM_000625,PAT_0004,PRV_H03,PLN_BRNZ,99213,I10,04-02-26,04-04-26,245.25,132,85.8,46.2,Paid,None,FALSE
CLM_000626,PAT_0226,PRV_H02,PLN_GOLD,47562,I10,01-08-26,16-01-26,4749.91,4749.91,0,0,Denied,Billing Code Discrepancy,FALSE
CLM_000627,PAT_0090,PRV_H03,PLN_SILV,70553,E11.9,20-02-26,22-02-26,1479.73,935,748,187,Paid,None,FALSE
CLM_000628,PAT_0347,PRV_H02,PLN_GOLD,80053,M54.5,29-01-26,02-10-26,102.35,99,89.1,9.9,Paid,None,FALSE
CLM_000629,PAT_0123,PRV_H03,PLN_GOLD,47562,M54.5,13-02-26,03-03-26,11432.07,5280,4752,528,Paid,None,FALSE
CLM_000630,PAT_0034,PRV_H01,PLN_BRNZ,71045,E11.9,18-02-26,26-02-26,235.76,198,128.7,69.3,Paid,None,FALSE
CLM_000631,PAT_0163,PRV_H05,PLN_SILV,80053,M54.5,03-04-26,03-07-26,99.24,99,79.2,19.8,Paid,None,FALSE
CLM_000632,PAT_0275,PRV_H03,PLN_SILV,71045,J06.9,03-05-26,03-08-26,378.64,198,158.4,39.6,Paid,None,FALSE
CLM_000633,PAT_0065,PRV_H05,PLN_SILV,36415,E11.9,21-01-26,02-07-26,38.79,38.5,30.8,7.7,Paid,None,FALSE
CLM_000634,PAT_0086,PRV_H05,PLN_SILV,80053,M54.5,05-11-26,24-05-26,94.47,94.47,75.58,18.89,Paid,None,FALSE
CLM_000635,PAT_0165,PRV_H03,PLN_BRNZ,36415,M54.5,05-07-26,24-05-26,63.51,38.5,25.03,13.47,Paid,None,FALSE
CLM_000636,PAT_0299,PRV_H01,PLN_BRNZ,70553,E11.9,21-02-26,03-09-26,1197.61,935,607.75,327.25,Paid,None,FALSE
CLM_000637,PAT_0194,PRV_H05,PLN_SILV,71045,J06.9,03-07-26,26-03-26,174.05,174.05,139.24,34.81,Paid,None,FALSE
CLM_000638,PAT_0152,PRV_H04,PLN_BRNZ,47562,E11.9,30-05-26,06-02-26,5006.64,5006.64,3254.32,1752.32,Paid,None,FALSE
CLM_000639,PAT_0240,PRV_H04,PLN_SILV,80053,J06.9,05-08-26,20-05-26,90.41,90.41,0,0,Denied,Service Not Medically Necessary,FALSE
CLM_000640,PAT_0120,PRV_H03,PLN_GOLD,99215,J06.9,22-01-26,02-02-26,591.26,286,257.4,28.6,Paid,None,TRUE
CLM_000641,PAT_0142,PRV_H02,PLN_SILV,99215,I10,19-01-26,02-01-26,248.99,248.99,199.19,49.8,Paid,None,FALSE
CLM_000642,PAT_0101,PRV_H03,PLN_GOLD,93000,J06.9,24-06-26,07-04-26,262.88,165,148.5,16.5,Paid,None,FALSE
CLM_000643,PAT_0071,PRV_H05,PLN_BRNZ,93000,I10,18-03-26,29-03-26,167.17,165,107.25,57.75,Paid,None,FALSE
CLM_000644,PAT_0207,PRV_H04,PLN_SILV,99213,K80.20,17-06-26,07-05-26,137.74,132,105.6,26.4,Paid,None,FALSE
CLM_000645,PAT_0204,PRV_H02,PLN_SILV,70553,M54.5,23-02-26,03-12-26,847.23,847.23,677.78,169.45,Paid,None,FALSE
CLM_000646,PAT_0240,PRV_H04,PLN_SILV,47562,I10,22-03-26,30-03-26,4971.64,4971.64,3977.31,994.33,Paid,None,FALSE
CLM_000647,PAT_0225,PRV_H04,PLN_GOLD,99213,J06.9,02-05-26,25-02-26,134.97,132,118.8,13.2,Paid,None,FALSE
CLM_000648,PAT_0005,PRV_H04,PLN_SILV,47562,J06.9,27-02-26,14-03-26,4968.69,4968.69,3974.95,993.74,Paid,None,FALSE
CLM_000649,PAT_0276,PRV_H03,PLN_BRNZ,47562,R07.9,01-06-26,26-01-26,10695.77,5280,3432,1848,Paid,None,FALSE
CLM_000650,PAT_0170,PRV_H05,PLN_SILV,80053,K80.20,22-02-26,03-08-26,86.65,86.65,69.32,17.33,Paid,None,FALSE
CLM_000651,PAT_0244,PRV_H01,PLN_BRNZ,47562,R07.9,26-04-26,05-07-26,5654.27,5280,0,0,Denied,Missing Prior Authorization,FALSE
CLM_000652,PAT_0309,PRV_H04,PLN_GOLD,99213,E11.9,20-02-26,24-02-26,135.87,132,118.8,13.2,Paid,None,FALSE
CLM_000653,PAT_0106,PRV_H02,PLN_SILV,93000,M54.5,15-05-26,19-05-26,156.14,156.14,124.91,31.23,Paid,None,FALSE
CLM_000654,PAT_0006,PRV_H02,PLN_BRNZ,47562,K80.20,04-11-26,18-04-26,5510.01,5280,0,0,Denied,Billing Code Discrepancy,FALSE
CLM_000655,PAT_0036,PRV_H04,PLN_BRNZ,70553,E11.9,22-02-26,03-05-26,880.97,880.97,572.63,308.34,Paid,None,FALSE
CLM_000656,PAT_0310,PRV_H05,PLN_GOLD,93000,R07.9,21-02-26,03-11-26,164,164,147.6,16.4,Paid,None,FALSE
CLM_000657,PAT_0104,PRV_H01,PLN_SILV,71045,K80.20,17-01-26,31-01-26,239.66,198,158.4,39.6,Paid,None,FALSE
CLM_000658,PAT_0169,PRV_H05,PLN_BRNZ,36415,K80.20,29-04-26,19-05-26,33.52,33.52,21.79,11.73,Paid,None,FALSE
CLM_000659,PAT_0331,PRV_H04,PLN_BRNZ,47562,M54.5,18-03-26,04-01-26,5148.51,5148.51,3346.53,1801.98,Paid,None,FALSE
CLM_000660,PAT_0128,PRV_H02,PLN_BRNZ,80053,K80.20,04-09-26,16-04-26,98.07,98.07,63.75,34.32,Paid,None,FALSE
CLM_000661,PAT_0023,PRV_H02,PLN_SILV,71045,J06.9,06-10-26,29-06-26,181.51,181.51,145.21,36.3,Paid,None,FALSE
CLM_000662,PAT_0112,PRV_H04,PLN_GOLD,80053,R07.9,02-01-26,14-02-26,86.88,86.88,78.19,8.69,Paid,None,FALSE
CLM_000663,PAT_0167,PRV_H04,PLN_GOLD,36415,E11.9,03-06-26,14-03-26,36.79,36.79,33.11,3.68,Paid,None,FALSE
CLM_000664,PAT_0038,PRV_H04,PLN_GOLD,80053,J06.9,13-04-26,21-04-26,92.64,92.64,0,0,Denied,Missing Prior Authorization,FALSE
CLM_000665,PAT_0070,PRV_H03,PLN_SILV,36415,K80.20,29-04-26,05-03-26,58.31,38.5,30.8,7.7,Paid,None,FALSE
CLM_000666,PAT_0225,PRV_H02,PLN_GOLD,36415,J06.9,02-11-26,18-02-26,39.12,38.5,34.65,3.85,Paid,None,FALSE
CLM_000667,PAT_0091,PRV_H03,PLN_GOLD,99215,R07.9,04-11-26,18-04-26,432.14,286,257.4,28.6,Paid,None,FALSE
CLM_000668,PAT_0079,PRV_H04,PLN_SILV,47562,E11.9,25-02-26,28-02-26,5416.98,5280,4224,1056,Paid,None,FALSE
CLM_000669,PAT_0025,PRV_H05,PLN_BRNZ,99215,K80.20,26-06-26,07-07-26,270.09,270.09,175.56,94.53,Paid,None,FALSE
CLM_000670,PAT_0025,PRV_H04,PLN_BRNZ,70553,E11.9,04-06-26,15-04-26,841.5,841.5,0,0,Denied,Missing Prior Authorization,FALSE
CLM_000671,PAT_0173,PRV_H02,PLN_SILV,99215,E11.9,25-01-26,02-01-26,284.65,284.65,0,0,Denied,Billing Code Discrepancy,FALSE
CLM_000672,PAT_0056,PRV_H03,PLN_SILV,47562,R07.9,06-10-26,18-06-26,10078.75,5280,4224,1056,Paid,None,FALSE
CLM_000673,PAT_0220,PRV_H01,PLN_GOLD,70553,E11.9,28-01-26,02-10-26,1059.96,935,0,0,Denied,Missing Prior Authorization,FALSE
CLM_000674,PAT_0200,PRV_H02,PLN_BRNZ,36415,E11.9,17-01-26,27-01-26,37.8,37.8,24.57,13.23,Paid,None,FALSE
CLM_000675,PAT_0035,PRV_H02,PLN_SILV,80053,J06.9,06-03-26,20-06-26,103.2,99,79.2,19.8,Paid,None,FALSE
CLM_000676,PAT_0275,PRV_H05,PLN_SILV,71045,J06.9,25-01-26,02-06-26,206.33,198,158.4,39.6,Paid,None,FALSE
CLM_000677,PAT_0348,PRV_H02,PLN_SILV,47562,E11.9,06-12-26,24-06-26,5498.9,5280,0,0,Denied,Missing Prior Authorization,FALSE
CLM_000678,PAT_0312,PRV_H05,PLN_SILV,36415,K80.20,05-11-26,20-05-26,36.77,36.77,29.42,7.35,Paid,None,FALSE
CLM_000679,PAT_0007,PRV_H02,PLN_SILV,99213,R07.9,02-01-26,02-12-26,119.67,119.67,95.74,23.93,Paid,None,FALSE
CLM_000680,PAT_0125,PRV_H05,PLN_SILV,99215,I10,02-05-26,18-02-26,300.22,272.93,0,54.59,Flagged SIU,Suspected Duplicate Submission,FALSE
CLM_000681,PAT_0193,PRV_H02,PLN_SILV,99213,E11.9,06-03-26,19-06-26,131.74,131.74,105.39,26.35,Paid,None,FALSE
CLM_000682,PAT_0143,PRV_H03,PLN_GOLD,99213,R07.9,17-04-26,28-04-26,264.05,132,118.8,13.2,Paid,None,FALSE
CLM_000683,PAT_0170,PRV_H03,PLN_SILV,70553,E11.9,19-05-26,22-05-26,1976.51,935,748,187,Paid,None,FALSE
CLM_000684,PAT_0114,PRV_H05,PLN_BRNZ,80053,R07.9,24-03-26,31-03-26,93.46,93.46,0,0,Denied,Service Not Medically Necessary,FALSE
CLM_000685,PAT_0036,PRV_H02,PLN_BRNZ,99213,M54.5,02-06-26,14-02-26,117.01,117.01,76.06,40.95,Paid,None,FALSE
CLM_000686,PAT_0282,PRV_H02,PLN_BRNZ,70553,R07.9,21-01-26,02-05-26,930.75,930.75,604.99,325.76,Paid,None,FALSE
CLM_000687,PAT_0126,PRV_H04,PLN_BRNZ,71045,R07.9,03-05-26,16-03-26,181.27,181.27,117.83,63.44,Paid,None,FALSE
CLM_000688,PAT_0326,PRV_H02,PLN_SILV,93000,K80.20,21-01-26,02-03-26,154.45,154.45,123.56,30.89,Paid,None,FALSE
CLM_000689,PAT_0226,PRV_H04,PLN_GOLD,80053,E11.9,05-04-26,05-06-26,99.21,99,89.1,9.9,Paid,None,FALSE
CLM_000690,PAT_0043,PRV_H03,PLN_BRNZ,71045,R07.9,14-02-26,24-02-26,342.78,198,128.7,69.3,Paid,None,FALSE
CLM_000691,PAT_0146,PRV_H04,PLN_SILV,36415,I10,27-03-26,04-02-26,38.25,38.25,30.6,7.65,Paid,None,FALSE
CLM_000692,PAT_0098,PRV_H01,PLN_BRNZ,99213,R07.9,04-06-26,23-04-26,152.56,132,85.8,46.2,Paid,None,FALSE
CLM_000693,PAT_0203,PRV_H03,PLN_SILV,80053,K80.20,20-03-26,04-09-26,149.13,99,79.2,19.8,Paid,None,FALSE
CLM_000694,PAT_0064,PRV_H04,PLN_BRNZ,71045,E11.9,22-04-26,05-02-26,198.77,198,128.7,69.3,Paid,None,FALSE
CLM_000695,PAT_0179,PRV_H05,PLN_GOLD,36415,M54.5,26-06-26,07-09-26,38.13,38.13,34.32,3.81,Paid,None,FALSE
CLM_000696,PAT_0218,PRV_H02,PLN_GOLD,70553,K80.20,01-09-26,22-01-26,914.76,914.76,823.28,91.48,Paid,None,FALSE
CLM_000697,PAT_0331,PRV_H02,PLN_BRNZ,93000,R07.9,27-04-26,05-03-26,150.13,150.13,97.58,52.55,Paid,None,FALSE
CLM_000698,PAT_0340,PRV_H02,PLN_GOLD,99213,I10,24-01-26,02-07-26,123.54,123.54,111.19,12.35,Paid,None,FALSE
CLM_000699,PAT_0042,PRV_H05,PLN_BRNZ,70553,K80.20,02-12-26,27-02-26,850.49,850.49,552.82,297.67,Paid,None,FALSE
CLM_000700,PAT_0338,PRV_H04,PLN_BRNZ,93000,M54.5,16-04-26,20-04-26,145.78,145.78,94.76,51.02,Paid,None,FALSE
CLM_000701,PAT_0177,PRV_H02,PLN_BRNZ,93000,M54.5,23-02-26,03-09-26,163.47,163.47,0,0,Denied,Missing Prior Authorization,FALSE
CLM_000702,PAT_0252,PRV_H01,PLN_SILV,99215,I10,28-06-26,13-07-26,339.95,286,228.8,57.2,Paid,None,FALSE
CLM_000703,PAT_0221,PRV_H02,PLN_SILV,71045,J06.9,17-02-26,23-02-26,178.13,178.13,142.5,35.63,Paid,None,FALSE
CLM_000704,PAT_0057,PRV_H04,PLN_BRNZ,70553,E11.9,21-02-26,24-02-26,934.99,934.99,607.74,327.25,Paid,None,FALSE
CLM_000705,PAT_0210,PRV_H04,PLN_GOLD,99215,M54.5,02-12-26,16-02-26,262.24,262.24,236.02,26.22,Paid,None,FALSE
CLM_000706,PAT_0142,PRV_H01,PLN_SILV,47562,I10,30-05-26,06-08-26,6208.17,5280,4224,1056,Paid,None,FALSE
CLM_000707,PAT_0032,PRV_H03,PLN_SILV,99213,M54.5,30-05-26,06-02-26,201.3,132,105.6,26.4,Paid,None,FALSE
CLM_000708,PAT_0004,PRV_H04,PLN_BRNZ,93000,K80.20,05-02-26,14-05-26,160.63,160.63,104.41,56.22,Paid,None,FALSE
CLM_000709,PAT_0350,PRV_H03,PLN_SILV,47562,E11.9,04-03-26,17-04-26,9133.19,5280,0,0,Denied,Service Not Medically Necessary,FALSE
CLM_000710,PAT_0052,PRV_H01,PLN_SILV,36415,M54.5,13-04-26,19-04-26,40.52,38.5,30.8,7.7,Paid,None,FALSE
CLM_000711,PAT_0272,PRV_H03,PLN_BRNZ,70553,J06.9,26-04-26,13-05-26,1710.14,935,0,0,Denied,Billing Code Discrepancy,FALSE
CLM_000712,PAT_0165,PRV_H01,PLN_BRNZ,47562,I10,25-03-26,04-10-26,5856.32,5280,3432,1848,Paid,None,FALSE
CLM_000713,PAT_0042,PRV_H03,PLN_BRNZ,80053,K80.20,18-06-26,23-06-26,196.87,99,64.35,34.65,Paid,None,FALSE
CLM_000714,PAT_0100,PRV_H02,PLN_BRNZ,99213,E11.9,05-08-26,05-12-26,121.23,121.23,78.8,42.43,Paid,None,FALSE
CLM_000715,PAT_0281,PRV_H04,PLN_BRNZ,71045,K80.20,30-01-26,16-02-26,194.86,194.86,126.66,68.2,Paid,None,FALSE
CLM_000716,PAT_0109,PRV_H02,PLN_SILV,99215,I10,22-04-26,24-04-26,255.33,255.33,204.26,51.07,Paid,None,FALSE
CLM_000717,PAT_0197,PRV_H03,PLN_GOLD,70553,M54.5,03-07-26,24-03-26,2007.02,935,841.5,93.5,Paid,None,FALSE
CLM_000718,PAT_0274,PRV_H04,PLN_BRNZ,99215,M54.5,27-03-26,04-05-26,295.45,286,185.9,100.1,Paid,None,FALSE
CLM_000719,PAT_0308,PRV_H01,PLN_SILV,47562,K80.20,04-08-26,27-04-26,6911.4,5280,4224,1056,Paid,None,FALSE
CLM_000720,PAT_0133,PRV_H01,PLN_BRNZ,93000,I10,29-01-26,02-02-26,187.81,165,107.25,57.75,Paid,None,FALSE
CLM_000721,PAT_0097,PRV_H01,PLN_SILV,47562,E11.9,22-03-26,04-05-26,6350.76,5280,0,0,Denied,Billing Code Discrepancy,FALSE
CLM_000722,PAT_0098,PRV_H04,PLN_BRNZ,80053,J06.9,04-04-26,04-10-26,94.86,94.86,61.66,33.2,Paid,None,FALSE
CLM_000723,PAT_0114,PRV_H01,PLN_BRNZ,80053,I10,18-05-26,06-03-26,112.03,99,64.35,34.65,Paid,None,FALSE
CLM_000724,PAT_0152,PRV_H02,PLN_BRNZ,36415,M54.5,27-04-26,05-03-26,37.46,37.46,24.35,13.11,Paid,None,FALSE
CLM_000725,PAT_0341,PRV_H01,PLN_GOLD,47562,J06.9,05-09-26,14-05-26,5913.77,5280,4752,528,Paid,None,FALSE
CLM_000726,PAT_0324,PRV_H02,PLN_BRNZ,36415,J06.9,30-06-26,14-07-26,33.66,33.66,21.88,11.78,Paid,None,FALSE
CLM_000727,PAT_0079,PRV_H02,PLN_SILV,70553,M54.5,14-01-26,21-01-26,953.15,935,748,187,Paid,None,FALSE
CLM_000728,PAT_0338,PRV_H02,PLN_BRNZ,99213,R07.9,04-11-26,23-04-26,124.14,124.14,80.69,43.45,Paid,None,FALSE
CLM_000729,PAT_0179,PRV_H04,PLN_GOLD,80053,I10,16-05-26,27-05-26,90.58,90.58,81.52,9.06,Paid,None,FALSE
CLM_000730,PAT_0281,PRV_H04,PLN_BRNZ,99215,E11.9,24-03-26,13-04-26,292.02,286,0,0,Denied,Billing Code Discrepancy,FALSE
CLM_000731,PAT_0156,PRV_H04,PLN_SILV,71045,R07.9,02-05-26,21-02-26,196.05,196.05,156.84,39.21,Paid,None,FALSE
CLM_000732,PAT_0075,PRV_H02,PLN_SILV,70553,M54.5,20-02-26,22-02-26,869.08,869.08,695.26,173.82,Paid,None,FALSE
CLM_000733,PAT_0076,PRV_H04,PLN_GOLD,80053,M54.5,13-02-26,16-02-26,87.23,87.23,78.51,8.72,Paid,None,FALSE
CLM_000734,PAT_0092,PRV_H01,PLN_BRNZ,99215,R07.9,16-06-26,28-06-26,345.28,286,185.9,100.1,Paid,None,FALSE
CLM_000735,PAT_0322,PRV_H04,PLN_BRNZ,70553,I10,31-01-26,02-09-26,874.93,874.93,568.7,306.23,Paid,None,FALSE
CLM_000736,PAT_0089,PRV_H04,PLN_SILV,99215,K80.20,16-06-26,30-06-26,261.31,261.31,209.05,52.26,Paid,None,FALSE
CLM_000737,PAT_0189,PRV_H01,PLN_SILV,99215,I10,22-01-26,27-01-26,337.16,286,228.8,57.2,Paid,None,FALSE
CLM_000738,PAT_0261,PRV_H02,PLN_SILV,99213,R07.9,27-05-26,16-06-26,125.51,125.51,100.41,25.1,Paid,None,FALSE
CLM_000739,PAT_0049,PRV_H05,PLN_BRNZ,71045,K80.20,05-04-26,19-05-26,181.74,181.74,118.13,63.61,Paid,None,FALSE
CLM_000740,PAT_0167,PRV_H01,PLN_GOLD,71045,K80.20,29-06-26,07-01-26,228.27,198,178.2,19.8,Paid,None,FALSE
CLM_000741,PAT_0272,PRV_H04,PLN_BRNZ,99215,R07.9,30-05-26,18-06-26,284.11,284.11,184.67,99.44,Paid,None,FALSE
CLM_000742,PAT_0064,PRV_H02,PLN_BRNZ,99215,E11.9,06-03-26,06-10-26,247.28,247.28,160.73,86.55,Paid,None,FALSE
CLM_000743,PAT_0161,PRV_H01,PLN_BRNZ,99213,E11.9,28-05-26,06-05-26,161.5,132,85.8,46.2,Paid,None,FALSE
CLM_000744,PAT_0132,PRV_H01,PLN_BRNZ,99215,I10,05-10-26,21-05-26,327.36,286,185.9,100.1,Paid,None,FALSE
CLM_000745,PAT_0217,PRV_H01,PLN_SILV,70553,J06.9,01-12-26,30-01-26,1208.18,935,748,187,Paid,None,FALSE
CLM_000746,PAT_0072,PRV_H05,PLN_GOLD,36415,M54.5,22-03-26,04-09-26,39.63,38.5,34.65,3.85,Paid,None,FALSE
CLM_000747,PAT_0311,PRV_H05,PLN_BRNZ,70553,M54.5,26-01-26,29-01-26,847.81,847.81,0,0,Denied,Missing Prior Authorization,FALSE
CLM_000748,PAT_0069,PRV_H05,PLN_SILV,70553,R07.9,04-02-26,04-12-26,829.34,829.34,0,0,Denied,Service Not Medically Necessary,FALSE
CLM_000749,PAT_0134,PRV_H04,PLN_SILV,71045,K80.20,27-04-26,05-01-26,205.01,198,158.4,39.6,Paid,None,FALSE
CLM_000750,PAT_0074,PRV_H05,PLN_SILV,70553,I10,06-11-26,21-06-26,976.71,935,748,187,Paid,None,FALSE
CLM_000751,PAT_0191,PRV_H05,PLN_GOLD,71045,K80.20,02-09-26,21-02-26,206.73,198,178.2,19.8,Paid,None,FALSE
CLM_000752,PAT_0014,PRV_H05,PLN_GOLD,70553,I10,03-11-26,16-03-26,897.85,897.85,808.06,89.79,Paid,None,FALSE
CLM_000753,PAT_0169,PRV_H01,PLN_BRNZ,47562,J06.9,03-11-26,17-03-26,6771.15,5280,0,0,Denied,Service Not Medically Necessary,FALSE
CLM_000754,PAT_0114,PRV_H04,PLN_BRNZ,99215,I10,14-02-26,03-04-26,284.87,284.87,185.17,99.7,Paid,None,FALSE
CLM_000755,PAT_0251,PRV_H01,PLN_GOLD,47562,M54.5,27-05-26,06-07-26,6314.22,5280,4752,528,Paid,None,FALSE
CLM_000756,PAT_0088,PRV_H03,PLN_GOLD,80053,E11.9,30-03-26,18-04-26,183.72,99,89.1,9.9,Paid,None,FALSE
CLM_000757,PAT_0207,PRV_H04,PLN_SILV,71045,J06.9,01-03-26,21-01-26,196.68,196.68,157.34,39.34,Paid,None,FALSE
CLM_000758,PAT_0074,PRV_H04,PLN_SILV,93000,I10,13-06-26,26-06-26,163.73,163.73,130.98,32.75,Paid,None,FALSE
CLM_000759,PAT_0312,PRV_H04,PLN_SILV,36415,E11.9,23-04-26,05-06-26,38.84,38.5,30.8,7.7,Paid,None,FALSE
CLM_000760,PAT_0142,PRV_H04,PLN_SILV,70553,J06.9,06-12-26,16-06-26,968.57,935,748,187,Paid,None,FALSE
CLM_000761,PAT_0047,PRV_H01,PLN_GOLD,99215,M54.5,03-03-26,03-07-26,311.88,286,0,0,Denied,Billing Code Discrepancy,FALSE
CLM_000762,PAT_0147,PRV_H05,PLN_BRNZ,36415,I10,19-04-26,05-07-26,39.78,38.5,25.03,13.47,Paid,None,FALSE
CLM_000763,PAT_0255,PRV_H05,PLN_GOLD,99215,K80.20,01-04-26,01-12-26,294.37,286,257.4,28.6,Paid,None,FALSE
CLM_000764,PAT_0218,PRV_H05,PLN_GOLD,47562,E11.9,19-06-26,07-07-26,5216.71,5216.71,0,0,Denied,Missing Prior Authorization,FALSE
CLM_000765,PAT_0346,PRV_H05,PLN_BRNZ,70553,E11.9,20-01-26,02-02-26,1045.22,935,0,327.25,Flagged SIU,Suspected Duplicate Submission,FALSE
CLM_000766,PAT_0217,PRV_H04,PLN_SILV,80053,E11.9,04-06-26,04-11-26,91.58,91.58,73.26,18.32,Paid,None,FALSE
CLM_000767,PAT_0277,PRV_H01,PLN_SILV,93000,J06.9,05-04-26,15-05-26,184.41,165,0,0,Denied,Billing Code Discrepancy,FALSE
CLM_000768,PAT_0292,PRV_H04,PLN_BRNZ,70553,J06.9,14-06-26,07-02-26,947.87,935,0,0,Denied,Billing Code Discrepancy,FALSE
CLM_000769,PAT_0250,PRV_H01,PLN_GOLD,47562,I10,06-07-26,23-06-26,5993.11,5280,0,0,Denied,Billing Code Discrepancy,FALSE
CLM_000770,PAT_0096,PRV_H04,PLN_BRNZ,47562,I10,26-01-26,02-10-26,5032.36,5032.36,0,0,Denied,Missing Prior Authorization,FALSE
CLM_000771,PAT_0211,PRV_H01,PLN_BRNZ,36415,I10,02-09-26,19-02-26,42.62,38.5,25.03,13.47,Paid,None,FALSE
CLM_000772,PAT_0154,PRV_H03,PLN_BRNZ,80053,E11.9,18-05-26,28-05-26,151.83,99,64.35,34.65,Paid,None,FALSE
CLM_000773,PAT_0225,PRV_H02,PLN_GOLD,71045,J06.9,22-04-26,24-04-26,183.93,183.93,165.54,18.39,Paid,None,FALSE
CLM_000774,PAT_0102,PRV_H01,PLN_BRNZ,70553,J06.9,01-11-26,17-01-26,1078.11,935,607.75,327.25,Paid,None,FALSE
CLM_000775,PAT_0083,PRV_H02,PLN_SILV,36415,M54.5,03-10-26,15-03-26,36.2,36.2,28.96,7.24,Paid,None,FALSE
CLM_000776,PAT_0350,PRV_H02,PLN_SILV,47562,K80.20,05-09-26,23-05-26,4686.16,4686.16,3748.93,937.23,Paid,None,FALSE
CLM_000777,PAT_0065,PRV_H02,PLN_SILV,47562,R07.9,01-04-26,13-01-26,4609.96,4609.96,3687.97,921.99,Paid,None,FALSE
CLM_000778,PAT_0306,PRV_H01,PLN_SILV,80053,K80.20,16-03-26,27-03-26,116.62,99,79.2,19.8,Paid,None,FALSE
CLM_000779,PAT_0127,PRV_H05,PLN_BRNZ,71045,M54.5,05-11-26,18-05-26,179.98,179.98,116.99,62.99,Paid,None,FALSE
CLM_000780,PAT_0135,PRV_H02,PLN_GOLD,80053,E11.9,05-02-26,05-07-26,98.12,98.12,88.31,9.81,Paid,None,FALSE
CLM_000781,PAT_0093,PRV_H02,PLN_GOLD,71045,E11.9,31-01-26,02-06-26,185.45,185.45,166.91,18.54,Paid,None,FALSE
CLM_000782,PAT_0099,PRV_H02,PLN_BRNZ,80053,I10,06-07-26,15-06-26,87.14,87.14,0,0,Denied,Service Not Medically Necessary,FALSE
CLM_000783,PAT_0269,PRV_H03,PLN_GOLD,70553,E11.9,28-03-26,04-12-26,1685.85,935,841.5,93.5,Paid,None,FALSE
CLM_000784,PAT_0156,PRV_H01,PLN_SILV,93000,J06.9,13-03-26,26-03-26,204.52,165,132,33,Paid,None,FALSE
CLM_000785,PAT_0025,PRV_H02,PLN_BRNZ,99213,I10,14-01-26,26-01-26,119.09,119.09,77.41,41.68,Paid,None,FALSE
CLM_000786,PAT_0311,PRV_H01,PLN_BRNZ,80053,E11.9,03-06-26,23-03-26,113.32,99,64.35,34.65,Paid,None,FALSE
CLM_000787,PAT_0050,PRV_H01,PLN_SILV,71045,J06.9,04-03-26,16-04-26,247.12,198,158.4,39.6,Paid,None,FALSE
CLM_000788,PAT_0310,PRV_H03,PLN_GOLD,70553,M54.5,03-12-26,20-03-26,1757.34,935,0,0,Denied,Billing Code Discrepancy,FALSE
CLM_000789,PAT_0309,PRV_H01,PLN_GOLD,99213,R07.9,17-06-26,25-06-26,144.95,132,118.8,13.2,Paid,None,FALSE
CLM_000790,PAT_0051,PRV_H01,PLN_BRNZ,47562,J06.9,05-02-26,05-10-26,6288.32,5280,0,0,Denied,Service Not Medically Necessary,FALSE
CLM_000791,PAT_0282,PRV_H03,PLN_BRNZ,47562,J06.9,25-04-26,30-04-26,11177.66,5280,0,0,Denied,Billing Code Discrepancy,FALSE
CLM_000792,PAT_0012,PRV_H02,PLN_BRNZ,93000,M54.5,02-03-26,14-02-26,143.86,143.86,93.51,50.35,Paid,None,FALSE
CLM_000793,PAT_0098,PRV_H04,PLN_BRNZ,36415,M54.5,17-05-26,06-04-26,40.05,38.5,25.03,13.47,Paid,None,FALSE
CLM_000794,PAT_0261,PRV_H04,PLN_SILV,80053,K80.20,06-05-26,15-06-26,89.22,89.22,0,0,Denied,Billing Code Discrepancy,FALSE
CLM_000795,PAT_0112,PRV_H05,PLN_GOLD,99213,R07.9,27-04-26,15-05-26,130.99,130.99,117.89,13.1,Paid,None,FALSE
CLM_000796,PAT_0156,PRV_H02,PLN_SILV,93000,M54.5,03-10-26,29-03-26,146.07,146.07,116.86,29.21,Paid,None,FALSE
CLM_000797,PAT_0274,PRV_H02,PLN_BRNZ,93000,I10,13-06-26,19-06-26,170.76,165,107.25,57.75,Paid,None,FALSE
CLM_000798,PAT_0069,PRV_H03,PLN_SILV,99213,M54.5,03-05-26,13-03-26,243.32,132,0,0,Denied,Service Not Medically Necessary,FALSE
CLM_000799,PAT_0324,PRV_H05,PLN_BRNZ,47562,J06.9,22-01-26,02-10-26,4813.48,4813.48,0,0,Denied,Service Not Medically Necessary,FALSE
CLM_000800,PAT_0167,PRV_H01,PLN_GOLD,99213,J06.9,26-02-26,03-08-26,144.36,132,118.8,13.2,Paid,None,FALSE
CLM_000801,PAT_0276,PRV_H05,PLN_BRNZ,99215,M54.5,26-06-26,07-10-26,296.17,286,185.9,100.1,Paid,None,FALSE
CLM_000802,PAT_0321,PRV_H05,PLN_BRNZ,70553,K80.20,26-02-26,03-10-26,853.19,853.19,554.57,298.62,Paid,None,FALSE
CLM_000803,PAT_0203,PRV_H02,PLN_SILV,36415,E11.9,22-04-26,05-05-26,34.29,34.29,27.43,6.86,Paid,None,FALSE
CLM_000804,PAT_0254,PRV_H02,PLN_GOLD,36415,E11.9,15-02-26,23-02-26,37.24,37.24,33.52,3.72,Paid,None,FALSE
CLM_000805,PAT_0093,PRV_H03,PLN_GOLD,99213,J06.9,02-11-26,18-02-26,270.48,132,118.8,13.2,Paid,None,FALSE
CLM_000806,PAT_0097,PRV_H01,PLN_SILV,71045,I10,20-04-26,29-04-26,231.57,198,158.4,39.6,Paid,None,FALSE
CLM_000807,PAT_0207,PRV_H01,PLN_SILV,71045,M54.5,01-04-26,01-09-26,227.41,198,0,0,Denied,Missing Prior Authorization,FALSE
CLM_000808,PAT_0330,PRV_H01,PLN_SILV,71045,E11.9,22-01-26,02-01-26,214.7,198,158.4,39.6,Paid,None,FALSE
CLM_000809,PAT_0007,PRV_H01,PLN_SILV,99215,R07.9,28-03-26,04-01-26,314.78,286,228.8,57.2,Paid,None,FALSE
CLM_000810,PAT_0289,PRV_H04,PLN_GOLD,71045,J06.9,26-03-26,04-12-26,176.56,176.56,0,0,Denied,Billing Code Discrepancy,FALSE
CLM_000811,PAT_0137,PRV_H05,PLN_GOLD,99215,I10,01-12-26,17-01-26,275.32,275.32,247.79,27.53,Paid,None,FALSE
CLM_000812,PAT_0213,PRV_H02,PLN_GOLD,99213,E11.9,01-07-26,16-01-26,124.25,124.25,111.82,12.43,Paid,None,FALSE
CLM_000813,PAT_0336,PRV_H03,PLN_BRNZ,70553,M54.5,04-09-26,14-04-26,1694.44,935,607.75,327.25,Paid,None,FALSE
CLM_000814,PAT_0145,PRV_H03,PLN_BRNZ,99215,R07.9,27-03-26,04-01-26,490.98,286,185.9,100.1,Paid,None,FALSE
CLM_000815,PAT_0023,PRV_H05,PLN_SILV,71045,E11.9,20-04-26,05-08-26,183.05,183.05,146.44,36.61,Paid,None,FALSE
CLM_000816,PAT_0218,PRV_H02,PLN_GOLD,93000,R07.9,15-03-26,28-03-26,168.76,165,148.5,16.5,Paid,None,FALSE
CLM_000817,PAT_0256,PRV_H03,PLN_SILV,93000,M54.5,20-01-26,22-01-26,343.41,165,132,33,Paid,None,FALSE
CLM_000818,PAT_0336,PRV_H02,PLN_BRNZ,47562,E11.9,04-10-26,26-04-26,5252.49,5252.49,3414.12,1838.37,Paid,None,FALSE
CLM_000819,PAT_0035,PRV_H01,PLN_SILV,80053,M54.5,13-03-26,19-03-26,105.94,99,79.2,19.8,Paid,None,FALSE
CLM_000820,PAT_0094,PRV_H04,PLN_GOLD,47562,J06.9,05-07-26,22-05-26,5022.04,5022.04,4519.84,502.2,Paid,None,FALSE
CLM_000821,PAT_0326,PRV_H03,PLN_SILV,71045,M54.5,03-04-26,18-03-26,348.29,198,158.4,39.6,Paid,None,FALSE
CLM_000822,PAT_0274,PRV_H04,PLN_BRNZ,70553,K80.20,22-01-26,02-11-26,929.04,929.04,603.88,325.16,Paid,None,FALSE
CLM_000823,PAT_0113,PRV_H01,PLN_SILV,70553,J06.9,01-01-26,01-09-26,1230.95,935,0,0,Denied,Missing Prior Authorization,FALSE
CLM_000824,PAT_0057,PRV_H01,PLN_BRNZ,47562,J06.9,02-05-26,16-02-26,6182.96,5280,3432,1848,Paid,None,FALSE
CLM_000825,PAT_0216,PRV_H02,PLN_GOLD,70553,E11.9,15-01-26,21-01-26,827.43,827.43,744.69,82.74,Paid,None,FALSE
CLM_000826,PAT_0014,PRV_H04,PLN_GOLD,47562,I10,29-06-26,07-04-26,5196.24,5196.24,0,0,Denied,Missing Prior Authorization,FALSE
CLM_000827,PAT_0016,PRV_H02,PLN_BRNZ,47562,E11.9,21-01-26,30-01-26,4633.98,4633.98,3012.09,1621.89,Paid,None,FALSE
CLM_000828,PAT_0077,PRV_H02,PLN_SILV,36415,M54.5,02-05-26,23-02-26,38.14,38.14,30.51,7.63,Paid,None,FALSE
CLM_000829,PAT_0211,PRV_H03,PLN_BRNZ,36415,M54.5,27-06-26,29-06-26,64.03,38.5,25.03,13.47,Paid,None,FALSE
CLM_000830,PAT_0329,PRV_H01,PLN_GOLD,71045,R07.9,02-11-26,13-02-26,228.41,198,178.2,19.8,Paid,None,FALSE
CLM_000831,PAT_0233,PRV_H05,PLN_GOLD,93000,R07.9,05-09-26,20-05-26,163.78,163.78,147.4,16.38,Paid,None,FALSE
CLM_000832,PAT_0081,PRV_H03,PLN_GOLD,99215,R07.9,04-07-26,13-04-26,570.57,286,0,0,Denied,Service Not Medically Necessary,TRUE
CLM_000833,PAT_0095,PRV_H05,PLN_GOLD,99215,M54.5,30-04-26,17-05-26,263.29,263.29,236.96,26.33,Paid,None,FALSE
CLM_000834,PAT_0195,PRV_H02,PLN_SILV,99213,J06.9,15-06-26,30-06-26,118.67,118.67,94.94,23.73,Paid,None,FALSE
CLM_000835,PAT_0040,PRV_H03,PLN_GOLD,47562,I10,03-03-26,14-03-26,8305,5280,0,0,Denied,Missing Prior Authorization,FALSE
CLM_000836,PAT_0159,PRV_H02,PLN_BRNZ,70553,M54.5,01-09-26,18-01-26,853.26,853.26,554.62,298.64,Paid,None,FALSE
CLM_000837,PAT_0289,PRV_H04,PLN_GOLD,99213,I10,22-03-26,26-03-26,136.64,132,0,0,Denied,Service Not Medically Necessary,FALSE
CLM_000838,PAT_0145,PRV_H04,PLN_BRNZ,70553,J06.9,04-11-26,24-04-26,973.05,935,607.75,327.25,Paid,None,FALSE
CLM_000839,PAT_0209,PRV_H05,PLN_SILV,99215,R07.9,02-08-26,02-10-26,277.53,277.53,222.02,55.51,Paid,None,FALSE
CLM_000840,PAT_0301,PRV_H01,PLN_SILV,93000,E11.9,02-08-26,24-02-26,176.04,165,132,33,Paid,None,FALSE
CLM_000841,PAT_0119,PRV_H02,PLN_GOLD,71045,M54.5,02-11-26,03-01-26,189.59,189.59,170.63,18.96,Paid,None,FALSE
CLM_000842,PAT_0334,PRV_H05,PLN_SILV,47562,K80.20,02-03-26,15-02-26,4839.21,4839.21,3871.37,967.84,Paid,None,FALSE
CLM_000843,PAT_0021,PRV_H04,PLN_SILV,70553,E11.9,06-06-26,06-10-26,970.36,935,748,187,Paid,None,FALSE
CLM_000844,PAT_0050,PRV_H01,PLN_SILV,71045,J06.9,21-05-26,25-05-26,233.94,198,158.4,39.6,Paid,None,FALSE
CLM_000845,PAT_0087,PRV_H03,PLN_GOLD,71045,I10,13-03-26,04-02-26,340.32,198,178.2,19.8,Paid,None,FALSE
CLM_000846,PAT_0092,PRV_H04,PLN_BRNZ,93000,K80.20,03-07-26,23-03-26,162.01,162.01,105.31,56.7,Paid,None,FALSE
CLM_000847,PAT_0064,PRV_H05,PLN_BRNZ,36415,I10,04-04-26,15-04-26,36.06,36.06,23.44,12.62,Paid,None,FALSE
CLM_000848,PAT_0349,PRV_H02,PLN_SILV,36415,J06.9,05-12-26,24-05-26,35.87,35.87,28.7,7.17,Paid,None,FALSE
CLM_000849,PAT_0260,PRV_H04,PLN_GOLD,93000,M54.5,01-11-26,14-01-26,164.73,164.73,148.26,16.47,Paid,None,FALSE
CLM_000850,PAT_0288,PRV_H01,PLN_BRNZ,71045,I10,16-03-26,30-03-26,237.09,198,0,69.3,Flagged SIU,Suspected Duplicate Submission,FALSE
CLM_000851,PAT_0038,PRV_H02,PLN_GOLD,80053,K80.20,21-06-26,25-06-26,91.78,91.78,82.6,9.18,Paid,None,FALSE
CLM_000852,PAT_0274,PRV_H04,PLN_BRNZ,99215,I10,16-02-26,21-02-26,294.71,286,185.9,100.1,Paid,None,FALSE
CLM_000853,PAT_0222,PRV_H02,PLN_SILV,80053,J06.9,17-01-26,29-01-26,91.66,91.66,73.33,18.33,Paid,None,FALSE
CLM_000854,PAT_0109,PRV_H04,PLN_SILV,99215,J06.9,27-04-26,30-04-26,275.34,275.34,220.27,55.07,Paid,None,FALSE
CLM_000855,PAT_0075,PRV_H02,PLN_SILV,47562,R07.9,01-09-26,23-01-26,4619.9,4619.9,3695.92,923.98,Paid,None,FALSE
CLM_000856,PAT_0243,PRV_H02,PLN_SILV,99213,E11.9,01-06-26,21-01-26,120.48,120.48,96.38,24.1,Paid,None,FALSE
CLM_000857,PAT_0043,PRV_H02,PLN_BRNZ,99215,J06.9,14-04-26,18-04-26,262.51,262.51,170.63,91.88,Paid,None,FALSE
CLM_000858,PAT_0215,PRV_H05,PLN_BRNZ,70553,M54.5,03-08-26,15-03-26,948.69,935,607.75,327.25,Paid,None,FALSE
CLM_000859,PAT_0176,PRV_H03,PLN_BRNZ,71045,E11.9,31-03-26,15-04-26,357.35,198,128.7,69.3,Paid,None,FALSE
CLM_000860,PAT_0083,PRV_H04,PLN_SILV,47562,M54.5,27-05-26,06-10-26,5350.1,5280,4224,1056,Paid,None,FALSE
CLM_000861,PAT_0102,PRV_H01,PLN_BRNZ,71045,J06.9,20-06-26,07-02-26,207.77,198,128.7,69.3,Paid,None,FALSE
CLM_000862,PAT_0076,PRV_H04,PLN_GOLD,47562,I10,22-06-26,07-07-26,4812.29,4812.29,4331.06,481.23,Paid,None,FALSE
CLM_000863,PAT_0065,PRV_H04,PLN_SILV,99215,I10,25-02-26,03-05-26,268.85,268.85,215.08,53.77,Paid,None,FALSE
CLM_000864,PAT_0086,PRV_H05,PLN_SILV,80053,E11.9,31-03-26,04-08-26,102.64,99,79.2,19.8,Paid,None,FALSE
CLM_000865,PAT_0296,PRV_H01,PLN_SILV,47562,J06.9,01-05-26,16-01-26,6811.18,5280,4224,1056,Paid,None,FALSE
CLM_000866,PAT_0256,PRV_H04,PLN_SILV,80053,K80.20,04-01-26,14-04-26,100.41,99,79.2,19.8,Paid,None,FALSE
CLM_000867,PAT_0172,PRV_H01,PLN_SILV,71045,K80.20,20-04-26,05-03-26,216.55,198,158.4,39.6,Paid,None,FALSE
CLM_000868,PAT_0278,PRV_H04,PLN_BRNZ,80053,J06.9,18-06-26,07-03-26,96.91,96.91,62.99,33.92,Paid,None,FALSE
CLM_000869,PAT_0051,PRV_H01,PLN_BRNZ,99215,I10,16-06-26,18-06-26,347.07,286,185.9,100.1,Paid,None,FALSE
CLM_000870,PAT_0255,PRV_H05,PLN_GOLD,99215,M54.5,24-04-26,05-12-26,277.22,277.22,0,0,Denied,Service Not Medically Necessary,FALSE
CLM_000871,PAT_0216,PRV_H02,PLN_GOLD,70553,K80.20,22-05-26,06-05-26,826.97,826.97,744.27,82.7,Paid,None,FALSE
CLM_000872,PAT_0180,PRV_H04,PLN_BRNZ,80053,M54.5,30-06-26,14-07-26,85.64,85.64,55.67,29.97,Paid,None,FALSE
CLM_000873,PAT_0115,PRV_H05,PLN_GOLD,93000,J06.9,18-06-26,28-06-26,151.72,151.72,136.55,15.17,Paid,None,FALSE
CLM_000874,PAT_0213,PRV_H02,PLN_GOLD,99213,K80.20,01-09-26,01-11-26,114.63,114.63,103.17,11.46,Paid,None,FALSE
CLM_000875,PAT_0266,PRV_H05,PLN_GOLD,47562,J06.9,13-02-26,03-05-26,5513.12,5280,4752,528,Paid,None,FALSE
CLM_000876,PAT_0099,PRV_H05,PLN_BRNZ,80053,I10,28-05-26,06-12-26,87.82,87.82,57.08,30.74,Paid,None,FALSE
CLM_000877,PAT_0089,PRV_H04,PLN_SILV,47562,R07.9,02-10-26,25-02-26,4781.73,4781.73,3825.38,956.35,Paid,None,FALSE
CLM_000878,PAT_0061,PRV_H05,PLN_BRNZ,80053,M54.5,03-08-26,27-03-26,88.36,88.36,57.43,30.93,Paid,None,FALSE
CLM_000879,PAT_0048,PRV_H01,PLN_GOLD,99213,K80.20,01-03-26,23-01-26,143.51,132,118.8,13.2,Paid,None,FALSE
CLM_000880,PAT_0279,PRV_H01,PLN_BRNZ,80053,I10,02-03-26,19-02-26,120.63,99,64.35,34.65,Paid,None,FALSE
CLM_000881,PAT_0096,PRV_H02,PLN_BRNZ,70553,J06.9,19-02-26,03-10-26,950.38,935,607.75,327.25,Paid,None,FALSE
CLM_000882,PAT_0194,PRV_H03,PLN_SILV,99213,J06.9,22-01-26,28-01-26,252.23,132,105.6,26.4,Paid,None,FALSE
CLM_000883,PAT_0297,PRV_H01,PLN_GOLD,99215,K80.20,06-02-26,06-07-26,307.35,286,257.4,28.6,Paid,None,FALSE
CLM_000884,PAT_0093,PRV_H01,PLN_GOLD,99215,K80.20,04-03-26,04-11-26,329.48,286,257.4,28.6,Paid,None,FALSE
CLM_000885,PAT_0012,PRV_H04,PLN_BRNZ,99215,K80.20,06-10-26,14-06-26,257.94,257.94,167.66,90.28,Paid,None,FALSE
CLM_000886,PAT_0161,PRV_H04,PLN_BRNZ,71045,E11.9,18-03-26,20-03-26,203.53,198,128.7,69.3,Paid,None,FALSE
CLM_000887,PAT_0324,PRV_H05,PLN_BRNZ,99213,I10,29-03-26,04-11-26,125.61,125.61,81.65,43.96,Paid,None,FALSE
CLM_000888,PAT_0280,PRV_H01,PLN_BRNZ,71045,R07.9,03-07-26,03-12-26,217.41,198,0,0,Denied,Missing Prior Authorization,FALSE
CLM_000889,PAT_0266,PRV_H05,PLN_GOLD,71045,E11.9,04-04-26,04-09-26,203.35,198,0,0,Denied,Missing Prior Authorization,FALSE
CLM_000890,PAT_0113,PRV_H01,PLN_SILV,71045,J06.9,03-12-26,29-03-26,217.76,198,158.4,39.6,Paid,None,FALSE
CLM_000891,PAT_0283,PRV_H03,PLN_SILV,36415,M54.5,05-07-26,22-05-26,70.35,38.5,30.8,7.7,Paid,None,FALSE
CLM_000892,PAT_0099,PRV_H03,PLN_BRNZ,71045,E11.9,25-06-26,07-05-26,426.51,198,128.7,69.3,Paid,None,FALSE
CLM_000893,PAT_0301,PRV_H03,PLN_SILV,71045,E11.9,05-05-26,20-05-26,415.13,198,158.4,39.6,Paid,None,FALSE
CLM_000894,PAT_0140,PRV_H03,PLN_SILV,99215,R07.9,04-09-26,24-04-26,457.54,286,228.8,57.2,Paid,None,TRUE
CLM_000895,PAT_0033,PRV_H04,PLN_GOLD,71045,I10,05-11-26,21-05-26,192.13,192.13,172.92,19.21,Paid,None,FALSE
CLM_000896,PAT_0331,PRV_H05,PLN_BRNZ,47562,K80.20,01-08-26,13-01-26,4732.71,4732.71,3076.26,1656.45,Paid,None,FALSE
CLM_000897,PAT_0184,PRV_H02,PLN_SILV,99215,E11.9,18-06-26,07-01-26,266.34,266.34,213.07,53.27,Paid,None,FALSE
CLM_000898,PAT_0063,PRV_H01,PLN_BRNZ,47562,M54.5,01-03-26,15-01-26,5827.83,5280,3432,1848,Paid,None,FALSE
CLM_000899,PAT_0120,PRV_H05,PLN_GOLD,99215,K80.20,14-03-26,22-03-26,274.42,274.42,246.98,27.44,Paid,None,FALSE
CLM_000900,PAT_0143,PRV_H05,PLN_GOLD,99215,R07.9,15-06-26,30-06-26,282.47,282.47,254.22,28.25,Paid,None,FALSE
CLM_000901,PAT_0164,PRV_H02,PLN_SILV,70553,I10,05-07-26,24-05-26,815.45,815.45,652.36,163.09,Paid,None,FALSE
CLM_000902,PAT_0232,PRV_H02,PLN_GOLD,47562,R07.9,04-09-26,18-04-26,5113.36,5113.36,4602.02,511.34,Paid,None,FALSE
CLM_000903,PAT_0295,PRV_H01,PLN_BRNZ,36415,J06.9,02-03-26,17-02-26,40.64,38.5,25.03,13.47,Paid,None,FALSE
CLM_000904,PAT_0271,PRV_H01,PLN_GOLD,47562,M54.5,01-05-26,01-09-26,6196.65,5280,4752,528,Paid,None,FALSE
CLM_000905,PAT_0155,PRV_H03,PLN_BRNZ,47562,J06.9,13-04-26,17-04-26,9816.77,5280,3432,1848,Paid,None,FALSE
CLM_000906,PAT_0202,PRV_H03,PLN_GOLD,36415,K80.20,14-06-26,19-06-26,79.61,38.5,34.65,3.85,Paid,None,FALSE
CLM_000907,PAT_0053,PRV_H01,PLN_GOLD,70553,I10,01-03-26,01-09-26,1004.31,935,841.5,93.5,Paid,None,FALSE
CLM_000908,PAT_0224,PRV_H02,PLN_SILV,71045,I10,18-02-26,03-03-26,200.38,198,158.4,39.6,Paid,None,FALSE
CLM_000909,PAT_0003,PRV_H01,PLN_GOLD,93000,I10,29-01-26,02-01-26,215.12,165,0,0,Denied,Service Not Medically Necessary,FALSE
CLM_000910,PAT_0314,PRV_H04,PLN_GOLD,93000,M54.5,13-02-26,19-02-26,160,160,144,16,Paid,None,FALSE
CLM_000911,PAT_0164,PRV_H02,PLN_SILV,80053,M54.5,25-04-26,30-04-26,94.89,94.89,75.91,18.98,Paid,None,FALSE
CLM_000912,PAT_0245,PRV_H04,PLN_GOLD,93000,J06.9,05-04-26,13-05-26,145.25,145.25,130.72,14.53,Paid,None,FALSE
CLM_000913,PAT_0043,PRV_H03,PLN_BRNZ,70553,M54.5,15-06-26,23-06-26,1832.58,935,0,0,Denied,Missing Prior Authorization,FALSE
CLM_000914,PAT_0007,PRV_H02,PLN_SILV,36415,K80.20,18-02-26,03-07-26,33.98,33.98,27.18,6.8,Paid,None,FALSE
CLM_000915,PAT_0303,PRV_H05,PLN_GOLD,47562,J06.9,27-04-26,05-03-26,5373.89,5280,0,0,Denied,Service Not Medically Necessary,FALSE
CLM_000916,PAT_0198,PRV_H04,PLN_GOLD,70553,K80.20,18-02-26,22-02-26,854.73,854.73,0,0,Denied,Billing Code Discrepancy,FALSE
CLM_000917,PAT_0332,PRV_H01,PLN_GOLD,71045,K80.20,28-01-26,02-02-26,219.99,198,178.2,19.8,Paid,None,FALSE
CLM_000918,PAT_0096,PRV_H03,PLN_BRNZ,99213,K80.20,19-06-26,07-07-26,235.45,132,85.8,46.2,Paid,None,FALSE
CLM_000919,PAT_0282,PRV_H01,PLN_BRNZ,47562,K80.20,24-02-26,03-02-26,6091.58,5280,3432,1848,Paid,None,FALSE
CLM_000920,PAT_0226,PRV_H03,PLN_GOLD,47562,I10,13-01-26,27-01-26,10490.89,5280,4752,528,Paid,None,FALSE
CLM_000921,PAT_0207,PRV_H02,PLN_SILV,93000,R07.9,06-05-26,22-06-26,158.06,158.06,126.45,31.61,Paid,None,FALSE
CLM_000922,PAT_0026,PRV_H02,PLN_SILV,99215,E11.9,30-01-26,02-02-26,293.54,286,228.8,57.2,Paid,None,FALSE
CLM_000923,PAT_0123,PRV_H01,PLN_GOLD,99215,J06.9,27-02-26,13-03-26,329.57,286,257.4,28.6,Paid,None,FALSE
CLM_000924,PAT_0138,PRV_H04,PLN_GOLD,70553,E11.9,22-02-26,03-07-26,915.77,915.77,824.19,91.58,Paid,None,FALSE
CLM_000925,PAT_0002,PRV_H01,PLN_GOLD,71045,R07.9,29-06-26,16-07-26,246.91,198,178.2,19.8,Paid,None,FALSE
CLM_000926,PAT_0123,PRV_H02,PLN_GOLD,47562,M54.5,18-01-26,25-01-26,4739.85,4739.85,4265.86,473.99,Paid,None,FALSE
CLM_000927,PAT_0007,PRV_H04,PLN_SILV,80053,J06.9,01-06-26,13-01-26,103.04,99,79.2,19.8,Paid,None,FALSE
CLM_000928,PAT_0088,PRV_H01,PLN_GOLD,47562,K80.20,30-05-26,06-01-26,6223.16,5280,0,0,Denied,Missing Prior Authorization,FALSE
CLM_000929,PAT_0291,PRV_H03,PLN_GOLD,70553,R07.9,05-09-26,16-05-26,1873.39,935,841.5,93.5,Paid,None,FALSE
CLM_000930,PAT_0172,PRV_H04,PLN_SILV,36415,M54.5,31-03-26,19-04-26,35.05,35.05,28.04,7.01,Paid,None,FALSE
CLM_000931,PAT_0187,PRV_H04,PLN_BRNZ,99213,J06.9,19-03-26,31-03-26,135.39,132,85.8,46.2,Paid,None,FALSE
CLM_000932,PAT_0306,PRV_H04,PLN_SILV,99215,J06.9,25-06-26,13-07-26,284.87,284.87,0,0,Denied,Service Not Medically Necessary,FALSE
CLM_000933,PAT_0113,PRV_H02,PLN_SILV,47562,K80.20,01-08-26,17-01-26,5114.48,5114.48,4091.58,1022.9,Paid,None,FALSE
CLM_000934,PAT_0106,PRV_H01,PLN_SILV,70553,K80.20,13-06-26,18-06-26,1223.69,935,748,187,Paid,None,FALSE
CLM_000935,PAT_0231,PRV_H05,PLN_BRNZ,71045,J06.9,23-06-26,07-06-26,223.27,198,0,69.3,Flagged SIU,Suspected Duplicate Submission,FALSE
CLM_000936,PAT_0214,PRV_H03,PLN_GOLD,93000,E11.9,01-11-26,31-01-26,302.41,165,148.5,16.5,Paid,None,FALSE
CLM_000937,PAT_0314,PRV_H01,PLN_GOLD,80053,K80.20,26-05-26,06-08-26,111.29,99,89.1,9.9,Paid,None,FALSE
CLM_000938,PAT_0256,PRV_H02,PLN_SILV,36415,M54.5,02-08-26,26-02-26,40.02,38.5,30.8,7.7,Paid,None,FALSE
CLM_000939,PAT_0341,PRV_H02,PLN_GOLD,93000,K80.20,15-03-26,19-03-26,166.49,165,0,0,Denied,Missing Prior Authorization,FALSE
CLM_000940,PAT_0112,PRV_H03,PLN_GOLD,99215,I10,05-06-26,17-05-26,417.06,286,257.4,28.6,Paid,None,TRUE
CLM_000941,PAT_0026,PRV_H03,PLN_SILV,71045,J06.9,14-03-26,04-01-26,383.81,198,158.4,39.6,Paid,None,FALSE
CLM_000942,PAT_0080,PRV_H01,PLN_GOLD,93000,E11.9,20-02-26,03-07-26,198.84,165,148.5,16.5,Paid,None,FALSE
CLM_000943,PAT_0113,PRV_H01,PLN_SILV,36415,J06.9,03-05-26,19-03-26,44.69,38.5,30.8,7.7,Paid,None,FALSE
CLM_000944,PAT_0051,PRV_H03,PLN_BRNZ,93000,R07.9,21-03-26,28-03-26,307.67,165,107.25,57.75,Paid,None,FALSE
CLM_000945,PAT_0166,PRV_H05,PLN_GOLD,71045,M54.5,21-02-26,03-03-26,175.88,175.88,158.29,17.59,Paid,None,FALSE
CLM_000946,PAT_0155,PRV_H03,PLN_BRNZ,99215,J06.9,26-05-26,06-11-26,529.53,286,185.9,100.1,Paid,None,TRUE
CLM_000947,PAT_0224,PRV_H01,PLN_SILV,71045,R07.9,24-04-26,05-06-26,234.21,198,158.4,39.6,Paid,None,FALSE
CLM_000948,PAT_0184,PRV_H04,PLN_SILV,47562,K80.20,30-04-26,15-05-26,5482.99,5280,4224,1056,Paid,None,FALSE
CLM_000949,PAT_0014,PRV_H04,PLN_GOLD,99215,E11.9,06-07-26,18-06-26,287.9,286,257.4,28.6,Paid,None,FALSE
CLM_000950,PAT_0192,PRV_H02,PLN_GOLD,93000,I10,04-11-26,17-04-26,154.59,154.59,0,0,Denied,Billing Code Discrepancy,FALSE
CLM_000951,PAT_0236,PRV_H01,PLN_SILV,99215,I10,03-11-26,16-03-26,325.01,286,228.8,57.2,Paid,None,FALSE
CLM_000952,PAT_0149,PRV_H05,PLN_BRNZ,36415,M54.5,26-03-26,29-03-26,34.1,34.1,22.16,11.94,Paid,None,FALSE
CLM_000953,PAT_0262,PRV_H01,PLN_SILV,70553,R07.9,02-06-26,25-02-26,1166.31,935,748,187,Paid,None,FALSE
CLM_000954,PAT_0346,PRV_H02,PLN_BRNZ,93000,M54.5,21-03-26,23-03-26,166.67,165,107.25,57.75,Paid,None,FALSE
CLM_000955,PAT_0103,PRV_H01,PLN_SILV,99215,I10,02-09-26,14-02-26,339.55,286,228.8,57.2,Paid,None,FALSE
CLM_000956,PAT_0054,PRV_H04,PLN_BRNZ,99213,R07.9,24-04-26,05-08-26,115.34,115.34,74.97,40.37,Paid,None,FALSE
CLM_000957,PAT_0208,PRV_H04,PLN_SILV,71045,E11.9,20-05-26,30-05-26,200.58,198,158.4,39.6,Paid,None,FALSE
CLM_000958,PAT_0337,PRV_H05,PLN_GOLD,99215,K80.20,02-07-26,02-09-26,256.61,256.61,230.95,25.66,Paid,None,FALSE
CLM_000959,PAT_0337,PRV_H02,PLN_GOLD,71045,R07.9,29-06-26,18-07-26,178.21,178.21,160.39,17.82,Paid,None,FALSE
CLM_000960,PAT_0149,PRV_H01,PLN_BRNZ,36415,J06.9,20-06-26,30-06-26,44.36,38.5,25.03,13.47,Paid,None,FALSE
CLM_000961,PAT_0055,PRV_H04,PLN_SILV,80053,K80.20,02-07-26,02-09-26,90.6,90.6,72.48,18.12,Paid,None,FALSE
CLM_000962,PAT_0200,PRV_H01,PLN_BRNZ,93000,I10,15-06-26,07-01-26,174.42,165,107.25,57.75,Paid,None,FALSE
CLM_000963,PAT_0072,PRV_H04,PLN_GOLD,36415,J06.9,01-03-26,01-10-26,35.75,35.75,32.17,3.58,Paid,None,FALSE
CLM_000964,PAT_0258,PRV_H02,PLN_SILV,47562,M54.5,15-05-26,29-05-26,5052.52,5052.52,0,0,Denied,Billing Code Discrepancy,FALSE
CLM_000965,PAT_0289,PRV_H03,PLN_GOLD,36415,M54.5,02-05-26,15-02-26,77.98,38.5,34.65,3.85,Paid,None,FALSE
CLM_000966,PAT_0202,PRV_H01,PLN_GOLD,36415,K80.20,05-01-26,05-08-26,46.3,38.5,34.65,3.85,Paid,None,FALSE
CLM_000967,PAT_0338,PRV_H05,PLN_BRNZ,93000,E11.9,28-06-26,07-10-26,160.17,160.17,104.11,56.06,Paid,None,FALSE
CLM_000968,PAT_0300,PRV_H05,PLN_SILV,80053,I10,01-12-26,14-01-26,100.84,99,79.2,19.8,Paid,None,FALSE
CLM_000969,PAT_0050,PRV_H01,PLN_SILV,36415,M54.5,05-02-26,14-05-26,48.23,38.5,30.8,7.7,Paid,None,FALSE
CLM_000970,PAT_0122,PRV_H01,PLN_SILV,71045,M54.5,04-09-26,24-04-26,256.81,198,0,0,Denied,Service Not Medically Necessary,FALSE
CLM_000971,PAT_0059,PRV_H01,PLN_SILV,99215,K80.20,04-06-26,04-08-26,371.04,286,228.8,57.2,Paid,None,FALSE
CLM_000972,PAT_0231,PRV_H04,PLN_BRNZ,71045,M54.5,27-05-26,15-06-26,178.19,178.19,115.82,62.37,Paid,None,FALSE
CLM_000973,PAT_0225,PRV_H03,PLN_GOLD,70553,E11.9,02-11-26,26-02-26,1913.41,935,841.5,93.5,Paid,None,FALSE
CLM_000974,PAT_0299,PRV_H01,PLN_BRNZ,99215,E11.9,01-09-26,15-01-26,368.68,286,185.9,100.1,Paid,None,FALSE
CLM_000975,PAT_0209,PRV_H05,PLN_SILV,99215,J06.9,17-02-26,03-07-26,272.8,272.8,218.24,54.56,Paid,None,FALSE
CLM_000976,PAT_0293,PRV_H04,PLN_GOLD,47562,J06.9,06-08-26,27-06-26,5379.28,5280,4752,528,Paid,None,FALSE
CLM_000977,PAT_0321,PRV_H04,PLN_BRNZ,99215,R07.9,21-01-26,27-01-26,287.68,286,185.9,100.1,Paid,None,FALSE
CLM_000978,PAT_0061,PRV_H04,PLN_BRNZ,70553,I10,06-03-26,22-06-26,863.76,863.76,561.44,302.32,Paid,None,FALSE
CLM_000979,PAT_0129,PRV_H04,PLN_SILV,47562,I10,02-10-26,21-02-26,4631.79,4631.79,3705.43,926.36,Paid,None,FALSE
CLM_000980,PAT_0313,PRV_H05,PLN_GOLD,93000,K80.20,06-08-26,06-11-26,158.88,158.88,142.99,15.89,Paid,None,FALSE
CLM_000981,PAT_0299,PRV_H04,PLN_BRNZ,93000,M54.5,01-08-26,01-11-26,152.64,152.64,99.22,53.42,Paid,None,FALSE
CLM_000982,PAT_0172,PRV_H01,PLN_SILV,71045,E11.9,21-05-26,06-02-26,256.91,198,158.4,39.6,Paid,None,FALSE
CLM_000983,PAT_0032,PRV_H02,PLN_SILV,36415,I10,25-05-26,28-05-26,35.67,35.67,0,0,Denied,Service Not Medically Necessary,FALSE
CLM_000984,PAT_0307,PRV_H05,PLN_BRNZ,99215,R07.9,05-03-26,05-09-26,261.07,261.07,0,0,Denied,Missing Prior Authorization,FALSE
CLM_000985,PAT_0255,PRV_H05,PLN_GOLD,70553,M54.5,31-03-26,15-04-26,888.69,888.69,799.82,88.87,Paid,None,FALSE
CLM_000986,PAT_0117,PRV_H01,PLN_SILV,99213,I10,20-02-26,03-11-26,159.89,132,105.6,26.4,Paid,None,FALSE
CLM_000987,PAT_0010,PRV_H05,PLN_SILV,36415,I10,04-10-26,24-04-26,38.12,38.12,30.5,7.62,Paid,None,FALSE
CLM_000988,PAT_0219,PRV_H05,PLN_BRNZ,71045,I10,23-04-26,28-04-26,203.3,198,128.7,69.3,Paid,None,FALSE
CLM_000989,PAT_0189,PRV_H03,PLN_SILV,70553,J06.9,22-04-26,25-04-26,1521.96,935,0,0,Denied,Service Not Medically Necessary,FALSE
CLM_000990,PAT_0275,PRV_H05,PLN_SILV,99213,I10,03-05-26,03-08-26,115.84,115.84,92.67,23.17,Paid,None,FALSE
CLM_000991,PAT_0093,PRV_H03,PLN_GOLD,99213,J06.9,31-03-26,04-09-26,287.82,132,118.8,13.2,Paid,None,FALSE
CLM_000992,PAT_0204,PRV_H04,PLN_SILV,99215,M54.5,20-01-26,24-01-26,260.01,260.01,208.01,52,Paid,None,FALSE
CLM_000993,PAT_0254,PRV_H03,PLN_GOLD,70553,K80.20,19-03-26,04-01-26,1890.54,935,841.5,93.5,Paid,None,FALSE
CLM_000994,PAT_0270,PRV_H03,PLN_BRNZ,47562,M54.5,19-05-26,06-06-26,8080.81,5280,3432,1848,Paid,None,FALSE
CLM_000995,PAT_0319,PRV_H04,PLN_BRNZ,93000,I10,22-02-26,28-02-26,167.74,165,107.25,57.75,Paid,None,FALSE
CLM_000996,PAT_0157,PRV_H05,PLN_SILV,70553,I10,04-06-26,04-12-26,813.6,813.6,0,0,Denied,Service Not Medically Necessary,FALSE
CLM_000997,PAT_0059,PRV_H01,PLN_SILV,36415,I10,03-11-26,21-03-26,46.43,38.5,30.8,7.7,Paid,None,FALSE
CLM_000998,PAT_0044,PRV_H01,PLN_GOLD,93000,R07.9,04-09-26,26-04-26,173.35,165,148.5,16.5,Paid,None,FALSE
CLM_000999,PAT_0228,PRV_H01,PLN_BRNZ,70553,E11.9,04-08-26,15-04-26,1145.78,935,607.75,327.25,Paid,None,FALSE
CLM_001000,PAT_0017,PRV_H05,PLN_GOLD,47562,I10,06-05-26,17-06-26,5445.79,5280,4752,528,Paid,None,FALSE
